aber,noun
absenoldeb,noun
acenion,noun
achwyn,noun
adda,noun
addoliad,noun
adfeilion,noun
adfyd,noun
adnode,noun
adwye,noun
adwyth,noun
ael,noun
aeliau,noun
afal,noun
afalau,noun
affwys,noun
afonig,noun
alaeth,noun
alar,noun
alarch,noun
aled,noun
allorau,noun
alma,noun
almanac,noun
alwad,noun
alwai,noun
aman,noun
amcanion,noun
amgylchiad,noun
amgylchoedd,noun
amheuaeth,noun
amnaid,noun
amodau,noun
amserau,noun
amynedd,noun
anadliad,noun
aneirif,noun
anfantes,noun
angenrheidrwydd,noun
angylion,noun
anifel,noun
anlwc,noun
annwyd,noun
ansoddau,noun
anthem,noun
antur,noun
anturiaeth,noun
anturiaethwr,noun
anwybodaeth,noun
apostol,noun
ardaloedd,noun
ardalydd,noun
arddangosiad,noun
ardderchawgrwydd,noun
arf,noun
arfaeth,noun
arferion,noun
argen,noun
argoel,noun
arth,noun
aruthredd,noun
arweiniad,noun
arwyddion,noun
arwyddnod,noun
arwyl,noun
arwyr,noun
asbri,noun
asen,noun
asgell,noun
asyn,noun
atalfa,noun
atebiad,noun
athrawiaeth,noun
athrofa,noun
awenydd,noun
awgrym,noun
awgrymiadau,noun
awyrgylch,noun
bachgennyn,noun
badell,noun
bader,noun
baedd,noun
balans,noun
balchder,noun
banner,noun
barciau,noun
bargod,noun
barlwr,noun
barrug,noun
bastwn,noun
baswr,noun
bath,noun
baw,noun
beddrod,noun
bedydd,noun
beiau,noun
beic,noun
beiddgarwch,noun
beil,noun
bel,noun
belle,noun
belydr,noun
belydrau,noun
bendefigion,noun
benderfyniad,noun
bendraw,noun
benfro,noun
bennaeth,noun
bentan,noun
berchen,noun
berfedd,noun
berffeithrwydd,noun
berl,noun
bictiwr,noun
bingley,noun
bla,noun
blaenau,noun
blaid,noun
blatie,noun
bloedd,noun
blwyddi,noun
blys,noun
bodo,noun
boenau,noun
boncyn,noun
boreua,noun
boreue,noun
borth,noun
borthmon,noun
bost,noun
bradwr,noun
braint,noun
bran,noun
bras,noun
brechdan,noun
bref,noun
bregeth,noun
breichie,noun
brenhiniaeth,noun
brenhinoedd,noun
breswylwyr,noun
brethyn,noun
breuddwydiwr,noun
briall,noun
bric,noun
bridd,noun
brigyn,noun
briodasferch,noun
brithyll,noun
brithyllod,noun
briw,noun
brofedigaeth,noun
broffwyd,noun
brwydr,noun
brwydrau,noun
brydferthwch,noun
brydnawn,noun
brydydd,noun
brynie,noun
brys,noun
brysurdeb,noun
brython,noun
budreddi,noun
burdeb,noun
buwch,noun
bwced,noun
bwlet,noun
bwli,noun
bwll,noun
bwn,noun
bwnc,noun
bwriad,noun
bwrlwm,noun
bwystfilod,noun
bwyth,noun
byddinoedd,noun
bydoedd,noun
bygwth,noun
byrdwn,noun
bysgotwr,noun
bythefnos,noun
bywgraffiad,noun
bywoliaeth,noun
cacen,noun
cadachau,noun
cadair,noun
cadeirydd,noun
caer,noun
caernarfon,noun
cais,noun
calch,noun
calonnau,noun
canhwylle,noun
caniatad,noun
canlyn,noun
canmol,noun
cannoedd,noun
cannwyll,noun
canrifoedd,noun
canwaith,noun
carcharor,noun
caret,noun
cariadau,noun
carnedd,noun
carol,noun
carth,noun
carwriaeth,noun
cathod,noun
cawse,noun
cefnau,noun
cefnder,noun
cefnfor,noun
ceg,noun
cei,noun
celfau,noun
celfyddyd,noun
cenedlaethau,noun
cenhadwr,noun
cenhedlaeth,noun
cenllysg,noun
cennad,noun
cerddorion,noun
cewri,noun
chacen,noun
chadache,noun
chaddug,noun
chadwynau,noun
chamwedd,noun
chanri,noun
chariad,noun
charreg,noun
charu,noun
chastell,noun
chaws,noun
cheffyl,noun
cheg,noun
chenedl,noun
chenhedlaeth,noun
cherrig,noun
chi'n,noun
chil,noun
chlawdd,noun
chlepie,noun
chlogwyni,noun
chlun,noun
chlust,noun
chlwt,noun
chlychau,noun
chnau,noun
choedwigoedd,noun
choelie,noun
choese,noun
chreadur,noun
christion,noun
chryfder,noun
chryndod,noun
chur,noun
chwardd,noun
chwcw,noun
chweched,noun
chwedl,noun
chwefror,noun
chwerwedd,noun
chweryl,noun
chwisl,noun
chwyn,noun
chydsyniad,noun
chyfarfod,noun
chyfeillgarwch,noun
chyfeillion,noun
chyfer,noun
chylch,noun
chymeriad,noun
chynddaredd,noun
chyngor,noun
chyni,noun
chynulleidfa,noun
chynydd,noun
chysgod,noun
chysur,noun
cilfach,noun
claddedigaeth,noun
claf,noun
clec,noun
clefyd,noun
cliciade,noun
cloch,noun
clociau,noun
clod,noun
clogwyni,noun
clust,noun
clustiau,noun
clustie,noun
clwt,noun
clwyf,noun
clyw,noun
cnawd,noun
cnwd,noun
cnydau,noun
cochni,noun
cocyn,noun
coedwigoedd,noun
coes,noun
cofadail,noun
coffâd,noun
colegau,noun
congl,noun
consart,noun
cop,noun
corau,noun
coron,noun
corwynt,noun
cosb,noun
côt,noun
crafiad,noun
cread,noun
creadigaeth,noun
creaduriaid,noun
credo,noun
creigleoedd,noun
cricieth,noun
crist,noun
croen,noun
crwyn,noun
cur,noun
curiad,noun
cweir,noun
cwr,noun
cwrs,noun
cydnabyddiaeth,noun
cydwybod,noun
cydymdeimlad,noun
cyfamod,noun
cyfamser,noun
cyfandir,noun
cyfaredd,noun
cyfeillgarwch,noun
cyflawniad,noun
cyflwr,noun
cyflwyniad,noun
cyfoed,noun
cyfrinachau,noun
cyfrolau,noun
cyhuddiad,noun
cylchoedd,noun
cymundeb,noun
cymwynaswr,noun
cymydog,noun
cymylau,noun
cyni,noun
cynlluniau,noun
cynnydd,noun
cyrn,noun
cyrtsi,noun
cysegr,noun
cysylltiad,noun
cythraul,noun
cythreuliaid,noun
cythrwfl,noun
cyweirnod,noun
dafarne,noun
dafis,noun
dafod,noun
dagre,noun
dal,noun
dâl,noun
dalen,noun
dallineb,noun
dangnefedd,noun
daranau,noun
darawiad,noun
darllenwyr,noun
darnau,noun
dasg,noun
ddaeargryn,noun
ddafedd,noun
ddalen,noun
ddalennau,noun
ddalfa,noun
ddamhegion,noun
ddamwain,noun
ddarllennydd,noun
ddarlun,noun
ddarnau,noun
ddarne,noun
ddarpar,noun
ddeddf,noun
ddedwyddyd,noun
ddefnydd,noun
ddefosiwn,noun
ddegwm,noun
ddeuddydd,noun
ddewis,noun
ddialedd,noun
ddiau,noun
ddiferyn,noun
ddifeth,noun
ddifrifwch,noun
ddihareb,noun
ddinasoedd,noun
ddinaswyr,noun
ddinodedd,noun
ddiod,noun
ddiolchiadau,noun
ddisgwyl,noun
ddisgyblion,noun
ddistawrwydd,noun
ddiwrnodau,noun
ddolen,noun
ddrain,noun
ddrych,noun
ddrychiolaeth,noun
ddrycin,noun
ddrysau,noun
ddulliau,noun
ddur,noun
dduwiau,noun
ddwfr,noun
ddwsin,noun
ddychymyg,noun
ddyfais,noun
ddyfal,noun
ddyfnder,noun
ddyfnderau,noun
ddyfodiad,noun
ddylluan,noun
ddymuniad,noun
ddyndod,noun
ddynoliaeth,noun
ddyrchafiad,noun
ddyweddi,noun
dedwyddyd,noun
degan,noun
degid,noun
deigr,noun
deiliwr,noun
deithiau,noun
del,noun
delfryd,noun
dellt,noun
dena,noun
dennyn,noun
destun,noun
deuddydd,noun
dialgarwch,noun
diben,noun
diddordeb,noun
dieithriaid,noun
dienyddiad,noun
diferion,noun
difêth,noun
digalondid,noun
digrifwch,noun
dinodedd,noun
dioddef,noun
diogelwch,noun
diolchgarwch,noun
dirgryniadau,noun
dirmyg,noun
dirwest,noun
disgynyddion,noun
diwygiad,noun
dô,noun
doethineb,noun
dolgellau,noun
dolur,noun
domen,noun
dòn,noun
dosbarth,noun
dosturi,noun
down,noun
drachwant,noun
draethawd,noun
draethodau,noun
dragwyddoldeb,noun
drên,noun
driniaeth,noun
droedfeddi,noun
drôr,noun
drowsus,noun
drueni,noun
drugaredde,noun
drum,noun
drych,noun
drychiolaeth,noun
drygioni,noun
dryse,noun
drysni,noun
dryw,noun
dwr,noun
dwrf,noun
dwrneiod,noun
dwyni,noun
dwyster,noun
dybiau,noun
dychwel,noun
dychymyg,noun
dyddiaduron,noun
dyddie,noun
dyfais,noun
dyfalwch,noun
dyfeisiau,noun
dylanwad,noun
dylwyth,noun
dymhorau,noun
dỳn,noun
dynoliaeth,noun
dynolryw,noun
dyrau,noun
dyrchafiad,noun
dysg,noun
dywod,noun
dywyllwch,noun
dywysogion,noun
ebargofiant,noun
edau,noun
edifeirwch,noun
edith,noun
edrychiad,noun
edrychwr,noun
efengylydd,noun
egin,noun
eiddew,noun
eiliadau,noun
eiliade,noun
eilun,noun
eirias,noun
eirie,noun
eirin,noun
eisiau,noun
eisie,noun
eisteddfod,noun
eli,noun
elor,noun
elyn,noun
enbydrwydd,noun
enoch,noun
enwe,noun
erddi,noun
ergyd,noun
ergydion,noun
erlynwyr,noun
ers,noun
eryr,noun
eryrod,noun
esgidie,noun
esiampl,noun
etifeddiaethau,noun
eurfron,noun
ewrop,noun
f'oes,noun
fa,noun
fabandod,noun
fabinogi,noun
fabis,noun
fachlud,noun
faco,noun
fad,noun
faen,noun
faes,noun
fafon,noun
fai,noun
fail,noun
faint,noun
falais,noun
falau,noun
falchder,noun
fangre,noun
fannau,noun
far,noun
farchogion,noun
faril,noun
farrug,noun
farwor,noun
fasnach,noun
fater,noun
fathau,noun
feddargraff,noun
feddwdod,noun
feddyg,noun
feddygaeth,noun
fedrwch,noun
fedw,noun
fehefin,noun
feibl,noun
feiddie,noun
feini,noun
feirch,noun
feistr,noun
feistres,noun
fêl,noun
felodi,noun
fenna,noun
fenthyg,noun
ferched,noun
ferfa,noun
ferlyn,noun
ffaith,noun
ffedog,noun
fferins,noun
fferm,noun
ffermwyr,noun
ffesant,noun
fflagie,noun
fforest,noun
ffram,noun
ffrancod,noun
ffroenau,noun
ffrwyn,noun
ffwrn,noun
ffynhonnau,noun
ffyrdd,noun
fieri,noun
filen,noun
filiau,noun
filltiroedd,noun
filoedd,noun
finau,noun
fins,noun
fintai,noun
fisoedd,noun
fistêc,noun
flew,noun
flisg,noun
flod'yn,noun
floedd,noun
flwydd,noun
fo'l,noun
foch,noun
fochyn,noun
focs,noun
foddhad,noun
foddion,noun
fodolaeth,noun
follt,noun
fôn,noun
foncyff,noun
ford,noun
forgannwg,noun
foroedd,noun
forthwyl,noun
forwyn,noun
fotwm,noun
frandi,noun
freuddwydion,noun
freuddwydiwr,noun
frig,noun
frodor,noun
fronfraith,noun
fronnau,noun
froydd,noun
frwsh,noun
fugeiliaid,noun
fulfran,noun
furmur,noun
fusnes,noun
fwcedi,noun
fwd,noun
fwg,noun
fŵg,noun
fwng,noun
fwrlwm,noun
fwth,noun
fwyniant,noun
fyddinoedd,noun
fydrau,noun
fynedfa,noun
fynyddwr,noun
fysg,noun
fyth,noun
gacenne,noun
gadach,noun
gadeiriau,noun
gaeau,noun
gafod,noun
gainc,noun
galwedigaeth,noun
ganeuon,noun
ganghennau,noun
ganiad,noun
ganiatad,noun
ganllath,noun
ganlyniadau,noun
ganmolieth,noun
gapten,noun
gar,noun
garcharau,noun
garddwrn,noun
garlam,noun
garol,noun
garu,noun
garwch,noun
garwriaeth,noun
gastell,noun
gathod,noun
gatrawd,noun
gawg,noun
gaws,noun
gefne,noun
gelfyddyd,noun
gelynion,noun
gem,noun
genadwri,noun
genau,noun
genedigaeth,noun
genethod,noun
genid,noun
gennad,noun
gerddoriaeth,noun
gerrig,noun
gês,noun
gestyll,noun
getyn,noun
gi,noun
giât,noun
giatie,noun
gil,noun
gladdedigaeth,noun
glaf,noun
glan,noun
glasenw,noun
glec,noun
gleddyfau,noun
glefyd,noun
glendid,noun
gliciade,noun
gliw,noun
glocsen,noun
gloddfa,noun
glogwyni,noun
glomen,noun
gluniau,noun
glustiau,noun
glwt,noun
glwyf,noun
glynceiriog,noun
glynnoedd,noun
glyntawe,noun
gneuen,noun
gô,noun
goddef,noun
goffadwriaeth,noun
gofidiau,noun
gofion,noun
gofynion,noun
gol,noun
gôl,noun
goleg,noun
gongl,noun
gonglau,noun
gopa,noun
gôr,noun
gorchwyl,noun
gorchymyn,noun
gorfod,noun
goriwaered,noun
goron,noun
gorun,noun
gosgordd,noun
goslef,noun
gostegion,noun
gostyngeiddrwydd,noun
graith,noun
grefftwyr,noun
grefyddwr,noun
greulondeb,noun
gristion,noun
griw,noun
groen,noun
groesa,noun
groesaw,noun
groeso,noun
gronfa,noun
grwth,noun
grwydryn,noun
gudyn,noun
gwa'red,noun
gwadne,noun
gwaeledd,noun
gwaelodion,noun
gwagle,noun
gwair,noun
gwaith,noun
gwamalrwydd,noun
gwar,noun
gwarant,noun
gwarogaeth,noun
gwasanaeth,noun
gwastadedd,noun
gwawd,noun
gwawr,noun
gweddïau,noun
gwefusau,noun
gweilch,noun
gweiniaid,noun
gweinidogion,noun
gweinyddion,noun
gweithiwr,noun
gweithredoedd,noun
gweithwyr,noun
gweledigaeth,noun
gwelyau,noun
gwelyâu,noun
gwendid,noun
gwennol,noun
gwenwyn,noun
gweryl,noun
gwich,noun
gwirionedd,noun
gwisg,noun
gwisgoedd,noun
gwladgarwch,noun
gwladwriaeth,noun
gwlan,noun
gwledd,noun
gwlwm,noun
gwm,noun
gwmnia,noun
gwmpawd,noun
gwmwd,noun
gwragedd,noun
gwraidd,noun
gwreichion,noun
gwrel,noun
gwrlid,noun
gwron,noun
gwrthddrych,noun
gwrthgyferbyniad,noun
gwrthodiad,noun
gwrthrych,noun
gwt,noun
gwth,noun
gwybodaeth,noun
gwybodau,noun
gwychder,noun
gwyddai,noun
gwyddau,noun
gwydr,noun
gwyl,noun
gwylanod,noun
gwylie,noun
gwylltineb,noun
gwynebau,noun
gwynebe,noun
gwyrth,noun
gychwyniad,noun
gyddfau,noun
gyddfe,noun
gydnabyddiaeth,noun
gydwybod,noun
gydymaith,noun
gydymdeimlad,noun
gyfandiroedd,noun
gyfarfyddiad,noun
gyfarwyddyd,noun
gyfeillach,noun
gyferbyn,noun
gyffiniau,noun
gyffro,noun
gyffyrddiad,noun
gyflawnder,noun
gyflog,noun
gyfri,noun
gyfrif,noun
gyfrinach,noun
gyfrinachau,noun
gyfrolau,noun
gyfundeb,noun
gylchoedd,noun
gyllell,noun
gymar,noun
gymdeithas,noun
gymdeithion,noun
gymdogaeth,noun
gymoedd,noun
gymraeg,noun
gymydogaeth,noun
gynefin,noun
gynghanedd,noun
gyngor,noun
gynhaea,noun
gyni,noun
gynne,noun
gynulleidfa,noun
gynydd,noun
gyrddau,noun
gystuddiau,noun
gythreuliaid,noun
gywilydd,noun
haddewid,noun
hade,noun
hadeg,noun
hadenydd,noun
hadnod,noun
hafau,noun
halawon,noun
hamdden,noun
handel,noun
hannah,noun
hannedd,noun
harddu,noun
harferion,noun
harglwydd,noun
harris,noun
hateb,noun
haur,noun
hawddfyd,noun
hawdwr,noun
haws,noun
hechel,noun
hedmygedd,noun
hedrychiad,noun
hedyn,noun
heiddo,noun
heisiau,noun
heisio,noun
helaethrwydd,noun
helbulon,noun
henaint,noun
heol,noun
herlid,noun
hilion,noun
hob,noun
hoelen,noun
hoerni,noun
hofnau,noun
huchelder,noun
hufen,noun
hughes,noun
hunllef,noun
hurddas,noun
hwy,noun
hwyaid,noun
hyder,noun
hyfdra,noun
hymddygiad,noun
hymyl,noun
hysgol,noun
hysgrifen,noun
hysgwydd,noun
iachawdwriaeth,noun
iar,noun
ing,noun
ivan,noun
katherine,noun
lad,noun
ladrad,noun
ladron,noun
lafar,noun
lafur,noun
lama,noun
lannau,noun
lanw,noun
laslanc,noun
lathenni,noun
lawryf,noun
lechweddau,noun
lef,noun
leiafrif,noun
leidr,noun
lemon,noun
lês,noun
lethrau,noun
lid,noun
linell,noun
liniau,noun
linyn,noun
liwiau,noun
llac,noun
llafn,noun
llam,noun
llanarmon,noun
llanast,noun
llanciau,noun
llanfair,noun
llannau,noun
llawnder,noun
llawryf,noun
llechwedd,noun
llechweddau,noun
llecyn,noun
lled,noun
lleithder,noun
llencyn,noun
llew,noun
llewyg,noun
llewyrch,noun
llian,noun
llidiart,noun
llinynne,noun
lliwiau,noun
lluched,noun
lludw,noun
lluniau,noun
llunie,noun
lluoedd,noun
llw,noun
llwfryn,noun
llwydd,noun
llwynog,noun
llydaw,noun
llygedyn,noun
llygod,noun
llygredd,noun
llymder,noun
llymed,noun
llysiau,noun
llysnafedd,noun
llythyrau,noun
llyw,noun
llywydd,noun
loches,noun
locustiaid,noun
lol,noun
lond,noun
long,noun
ludded,noun
ludw,noun
lwmp,noun
lwybrau,noun
lyfre,noun
lynnoedd,noun
lysiau,noun
lythrennau,noun
lywodraeth,noun
lywydd,noun
ma,noun
mabandod,noun
maer,noun
mair,noun
malchder,noun
mame,noun
mamwlad,noun
mandanas,noun
map,noun
marchnad,noun
martha,noun
marwolaeth,noun
marwor,noun
mawnog,noun
mawredd,noun
mawrth,noun
meddrod,noun
meddwdod,noun
meddwyn,noun
medr,noun
medw,noun
megin,noun
meibion,noun
meibl,noun
meichiau,noun
meillion,noun
meirionnydd,noun
mel,noun
melinau,noun
melinydd,noun
mêr,noun
merlod,noun
merthyr,noun
meteloedd,noun
meudwy,noun
mherson,noun
mhobman,noun
mhocedi,noun
mhresant,noun
mhrofiad,noun
mhrydnawn,noun
mhwys,noun
mhwyse,noun
mhyrth,noun
mieri,noun
milltir,noun
milwyr,noun
misoedd,noun
miss,noun
mlwydd,noun
moesau,noun
moesoldeb,noun
mol,noun
moment,noun
mor,noun
more,noun
morwr,noun
morwyn,noun
morwyr,noun
moses,noun
moss,noun
motor,noun
mrenin,noun
mrig,noun
mro,noun
mrodyr,noun
mryniau,noun
munude,noun
mwg,noun
mŵn,noun
mwnc,noun
mwnci,noun
mwng,noun
mwthyn,noun
mwynderau,noun
myllt,noun
mynedfa,noun
myrtwydd,noun
mysedd,noun
nacâd,noun
nade,noun
napoli,noun
negesydd,noun
neheulaw,noun
nês,noun
news,noun
ngallu,noun
ngefel,noun
nghaban,noun
nghadach,noun
nghadair,noun
nghadwynau,noun
nghae,noun
nghaead,noun
nghamgymeriad,noun
ngheffyl,noun
nghernyw,noun
nghil,noun
nghiliau,noun
nghleddyf,noun
nghnau,noun
ngho,noun
nghoeden,noun
nghof,noun
nghorn,noun
nghrochan,noun
nghryfder,noun
nghwch,noun
nghwlwm,noun
nghwmpas,noun
nghyd,noun
nghyffiniau,noun
nghyflawnder,noun
nghynffon,noun
nghynlluniau,noun
nghyrddau,noun
nglinie,noun
ngofal,noun
ngofid,noun
ngogledd,noun
ngrym,noun
ngwaelodion,noun
ngwddf,noun
ngwedd,noun
ngwefuse,noun
ngwendid,noun
ngwep,noun
ngwinedd,noun
ngwisgoedd,noun
ngwraig,noun
ngwybodaeth,noun
ngwychder,noun
ngwyll,noun
ngwynfyd,noun
ngwynt,noun
ngwyr,noun
nhadau,noun
nhagfa,noun
nhangnefedd,noun
nheimladau,noun
nhelere,noun
nhês,noun
nhorf,noun
nhre,noun
nhrysor,noun
nhymor,noun
nhynged,noun
nialgarwch,noun
nifwl,noun
nillad,noun
ninas,noun
ninodedd,noun
niwedd,noun
noddfa,noun
noddwr,noun
nosweithie,noun
nwy,noun
nych,noun
nythod,noun
o'chneidiau,noun
ocheneidiau,noun
ods,noun
oedran,noun
oerni,noun
oesoedd,noun
offeryn,noun
offis,noun
offrwm,noun
ofidiau,noun
ogle,noun
oil,noun
olch,noun
olion,noun
olwyn,noun
opiniwn,noun
orchudd,noun
orffwysfa,noun
orfoledd,noun
ormes,noun
ormodiaeth,noun
orniment,noun
oruchafiaeth,noun
osgo,noun
pader,noun
paffiwr,noun
paid,noun
pâr,noun
pechadur,noun
pechod,noun
pedr,noun
pei,noun
pêl,noun
pelydryn,noun
penderfyniad,noun
penelin,noun
penillion,noun
pentan,noun
perygl,noun
peryglon,noun
phader,noun
phall,noun
phastwn,noun
phechod,noun
phennill,noun
pherlau,noun
pherthynasau,noun
phethau,noun
phlasau,noun
phleser,noun
phlu,noun
phnawn,noun
phobl,noun
phobol,noun
pholyn,noun
phot,noun
phraidd,noun
phren,noun
phrofiad,noun
phrydnawn,noun
phurdeb,noun
phwyll,noun
piano,noun
picnic,noun
pictiwr,noun
pigyn,noun
pinacl,noun
pinwydd,noun
plaid,noun
planed,noun
planedau,noun
platie,noun
plisg,noun
plismon,noun
plwc,noun
plwy,noun
plwyf,noun
poenau,noun
pontydd,noun
prawf,noun
prês,noun
presenoldeb,noun
preswylwyr,noun
pric,noun
pridd,noun
prifysgol,noun
priodoldeb,noun
pris,noun
prisiau,noun
proc,noun
pryfed,noun
pwdin,noun
pwff,noun
pwll,noun
pyrth,noun
pyst,noun
raddau,noun
radde,noun
raffau,noun
ragfyr,noun
rali,noun
raslonrwydd,noun
rees,noun
reis,noun
reol,noun
rhagfyr,noun
rhedwr,noun
rheffyn,noun
rhenti,noun
rhês,noun
rhew,noun
rhithyn,noun
rhôd,noun
rhoddes,noun
rhoddwr,noun
rhosmari,noun
rhosydd,noun
rhwyd,noun
rhwystr,noun
rhwystrau,noun
riaint,noun
rinweddau,noun
ris,noun
riw,noun
rodfeydd,noun
ru,noun
rudd,noun
rwymau,noun
rwystr,noun
rych,noun
ryfeddod,noun
ryfel,noun
ryfeloedd,noun
ryferthwy,noun
rys,noun
saer,noun
saethau,noun
saethwr,noun
safle,noun
sain,noun
sais,noun
sarhad,noun
satan,noun
sawdl,noun
seattle,noun
seindorf,noun
seiniau,noun
seintiau,noun
sgidie,noun
sgil,noun
sglein,noun
sglyfaeth,noun
sgrêch,noun
sgrin,noun
sgriw,noun
si,noun
siaced,noun
siâp,noun
sicrhad,noun
sicrwydd,noun
sil,noun
simneiau,noun
siom,noun
siomiant,noun
siwrnai,noun
siwt,noun
smotyn,noun
sonia,noun
staen,noun
step,noun
stephens,noun
stesion,noun
stond,noun
stor,noun
storiau,noun
stripie,noun
stwr,noun
su,noun
suliau,noun
swp,noun
sylweddoliad,noun
symudiade,noun
synnwyr,noun
tade,noun
tafodau,noun
talcen,noun
tamaid,noun
tangnefedd,noun
tannau,noun
tâp,noun
tarw,noun
tasg,noun
tebygrwydd,noun
tegell,noun
tei,noun
teidiau,noun
teimladau,noun
teimlade,noun
teithiwr,noun
telere,noun
tes,noun
teyrnasiad,noun
thafodau,noun
thaid,noun
thangnefedd,noun
thâp,noun
tharth,noun
theimlad,noun
therfysg,noun
theth,noun
theulu,noun
thomennydd,noun
thon,noun
thonau,noun
thrais,noun
thraul,noun
thraw,noun
threm,noun
threth,noun
thrigolion,noun
throadau,noun
throl,noun
thrwyn,noun
thu,noun
thueddiadau,noun
thun,noun
thwll,noun
thwymyn,noun
thŷ,noun
thywydd,noun
tiroedd,noun
tiwn,noun
tlysni,noun
to,noun
tomen,noun
tôn,noun
tònau,noun
torf,noun
traddodiad,noun
trafferthion,noun
trai,noun
tramwyfa,noun
tranc,noun
trefn,noun
tren,noun
tric,noun
tricie,noun
trig,noun
trigfanne,noun
trip,noun
trofa,noun
trol,noun
truan,noun
truman,noun
trwynau,noun
tryblith,noun
trydan,noun
tudalennau,noun
tudur,noun
twmpathau,noun
tŵr,noun
twyni,noun
tyb,noun
tydfil,noun
tyle,noun
tymer,noun
tymor,noun
tyrau,noun
tyrfa,noun
tywodyn,noun
tywysogion,noun
uchelgais,noun
ugeinie,noun
unawd,noun
unffurfiaeth,noun
wagedd,noun
wahaniaeth,noun
wall,noun
wanc,noun
warogaeth,noun
warth,noun
warthaf,noun
wasgar,noun
wead,noun
wêdd,noun
weddill,noun
wefr,noun
weinidog,noun
weision,noun
weithiwr,noun
weledigaethe,noun
weli,noun
wellaif,noun
wendidau,noun
wener,noun
wenlloer,noun
wersyll,noun
wibdaith,noun
wibdeithiau,noun
winllan,noun
winnie,noun
wir,noun
wmbredd,noun
wobr,noun
wraidd,noun
wrês,noun
wresogrwydd,noun
wrthddrych,noun
wrthod,noun
wrych,noun
wrychoedd,noun
ŵy,noun
wybodaeth,noun
wyl,noun
wylan,noun
wyliadwriaeth,noun
wynder,noun
wyrion,noun
wythnosau,noun
wythnose,noun
ych,noun
ymchwil,noun
ymchwydd,noun
ymdaith,noun
ymddiheuriad,noun
ymdeithwyr,noun
ymdrechion,noun
ymestyniad,noun
ymlid,noun
ymostyngiad,noun
ymylon,noun
ynn,noun
ynni,noun
yorath,noun
ysbrydoliaeth,noun
ysgerbwd,noun
ysglyfaeth,noun
ysgraff,noun
ysgrifen,noun
ysgrythur,noun
ysgubor,noun
ystafelloedd,noun
ystlum,noun
ystorm,noun
ystumie,noun
ystyriaeth,noun
ysweiniaid,noun
aur,noun
bethe,noun
boced,noun
bont,noun
castell,noun
cipar,noun
ddiwrnod,noun
dre,noun
fechgyn,noun
ffawd,noun
geirie,noun
gwedd,noun
helynt,noun
heulwen,noun
iâr,noun
mab,noun
mebyd,noun
mŵg,noun
ngwaelod,noun
os,noun
rhys,noun
sôn,noun
storm,noun
swper,noun
ynys,noun
mynydd,noun
aelwyd,noun
affrica,noun
alawon,noun
ann,noun
babi,noun
bai,noun
breuddwyd,noun
cariad,noun
carreg,noun
creigiau,noun
dail,noun
dwyll,noun
ffefar,noun
flwyddyn,noun
frenin,noun
fron,noun
gelyn,noun
gwningen,noun
gyfeiriad,noun
hafod,noun
hwyl,noun
joseph,noun
men,noun
merch,noun
mesur,noun
mlaen,noun
naill,noun
ngeneth,noun
rhywun,noun
st,noun
vincent,noun
waed,noun
adar,noun
caead,noun
daear,noun
dduw,noun
delyn,noun
dop,noun
enaid,noun
fodd,noun
fodrwy,noun
fwyd,noun
glust,noun
grug,noun
gwaed,noun
gwrych,noun
mhlant,noun
natur,noun
nerth,noun
sgubor,noun
ty,noun
wen,noun
wythnos,noun
bwyd,noun
dwylo,noun
dyddiau,noun
eiddo,noun
eneth,noun
gall,noun
gân,noun
ganu,noun
gwin,noun
hel,noun
nen,noun
nghanol,noun
ran,noun
thad,noun
wely,noun
ben,noun
beibl,noun
blant,noun
bugail,noun
corn,noun
cwestiwn,noun
dynion,noun
ffarm,noun
gâd,noun
gam,noun
gartre,noun
geiriau,noun
gornel,noun
gwallt,noun
gwr,noun
iaith,noun
llygaid,noun
modryb,noun
mynyddoedd,noun
nant,noun
ogof,noun
paent,noun
raid,noun
rhan,noun
ser,noun
sylw,noun
angau,noun
ardal,noun
arian,noun
dagrau,noun
darn,noun
de,noun
dŵr,noun
dyffryn,noun
gwir,noun
llawr,noun
lygad,noun
popeth,noun
seren,noun
tad,noun
traed,noun
mam,noun
aberdyfi,noun
allt,noun
beth,noun
ceffyl,noun
ddigon,noun
ddyn,noun
elin,noun
ferch,noun
ffrydiau,noun
fro,noun
fywyd,noun
gafael,noun
gath,noun
hynt,noun
llo,noun
plas,noun
wal,noun
wybod,noun
arglwydd,noun
bardd,noun
cae,noun
chalon,noun
eira,noun
felin,noun
fyd,noun
galw,noun
hamilton,noun
hedd,noun
jones,noun
llun,noun
rhywbeth,noun
seymour,noun
bachgen,noun
bobol,noun
bwrdd,noun
ceiliog,noun
daith,noun
dan,noun
edwards,noun
fachgen,noun
ffarwel,noun
gwybod,noun
het,noun
mafon,noun
ngwlad,noun
ochr,noun
plentyn,noun
tir,noun
wyn,noun
ddim,noun
bryniau,noun
bwthyn,noun
ffynnon,noun
fynydd,noun
gangen,noun
gwlad,noun
gwmpas,noun
ha,noun
kate,noun
llan,noun
lli,noun
man,noun
addolydd,noun
addunedau,noun
adege,noun
adnabyddiaeth,noun
afael,noun
afonydd,noun
agen,noun
agwedd,noun
ain,noun
allu,noun
amen,noun
amgylchiadau,noun
amrantau,noun
amseroedd,noun
anfarwoldeb,noun
angen,noun
anghyfiawnder,noun
angor,noun
anhawster,noun
anifail,noun
annedd,noun
anturiaethau,noun
anwyldeb,noun
araith,noun
arfon,noun
arglwyddi,noun
arwr,noun
asgwrn,noun
athraw,noun
awelon,noun
awn,noun
awydd,noun
bâi,noun
bar,noun
bâr,noun
baradwys,noun
barth,noun
bat,noun
bendefig,noun
bendith,noun
bennill,noun
benthyg,noun
berfa,noun
berlau,noun
berthynas,noun
berwyn,noun
beryg,noun
berygl,noun
beryglon,noun
bleinds,noun
bleser,noun
blewyn,noun
blisg,noun
blwm,noun
bobloedd,noun
bobman,noun
bonedd,noun
brad,noun
braidd,noun
brân,noun
brecwest,noun
bregethwyr,noun
breichiau,noun
bri,noun
brigau,noun
bris,noun
brodor,noun
brodyr,noun
brofiad,noun
bry,noun
bwlch,noun
byrth,noun
bysedd,noun
cader,noun
cadwynau,noun
caethiwed,noun
cangau,noun
caniadau,noun
canlyniad,noun
canrif,noun
cap,noun
carchar,noun
caredigrwydd,noun
carnau,noun
carp,noun
caru,noun
ceffylau,noun
ceiniog,noun
cenedl,noun
cerbyde,noun
cerdd,noun
cernyw,noun
chacenne,noun
chanu,noun
chartref,noun
chefn,noun
cherdd,noun
chlod,noun
chlustie,noun
chreigiau,noun
chroen,noun
chwarter,noun
chydymdeimlad,noun
chyfnod,noun
chyfrinach,noun
chynffon,noun
chyrls,noun
ci,noun
cig,noun
co,noun
cof,noun
corff,noun
cri,noun
croes,noun
crud,noun
crwydryn,noun
cryd,noun
crydd,noun
cwar,noun
cwestiyne,noun
cwn,noun
cwpan,noun
cwsg,noun
cyfer,noun
cyffro,noun
cyfleustra,noun
cyflog,noun
cyfnos,noun
cyfoeth,noun
cyfreithiau,noun
cyfrinach,noun
cyfrwy,noun
cyfyngder,noun
cylch,noun
cyllid,noun
cymdeithas,noun
cymeriad,noun
cynffon,noun
cynhebrwng,noun
cynnwrf,noun
cyrff,noun
cysur,noun
cywilydd,noun
dafad,noun
dai,noun
damaid,noun
dannau,noun
dannodd,noun
datws,noun
dawelwch,noun
ddant,noun
ddefaid,noun
ddeiliaid,noun
ddelw,noun
dderbyniad,noun
dderw,noun
ddigofaint,noun
ddinas,noun
ddiniweidrwydd,noun
ddiolchgarwch,noun
ddisgynyddion,noun
ddychwel,noun
ddychweliad,noun
ddyffryn,noun
ddyfnderoedd,noun
debygrwydd,noun
dedwyddwch,noun
dei,noun
deilen,noun
dêl,noun
delw,noun
deml,noun
der,noun
derfyn,noun
derwen,noun
deuparth,noun
dewis,noun
deyrnas,noun
dialedd,noun
difyrrwch,noun
digofaint,noun
dillad,noun
dirion,noun
diroedd,noun
doctor,noun
dol,noun
dón,noun
donnau,noun
dori,noun
draddodiad,noun
draig,noun
draul,noun
drigolion,noun
drugaredd,noun
dwll,noun
dwymyn,noun
dwyn,noun
dyndod,noun
dyrfa,noun
dywodfaen,noun
ebol,noun
eglurhad,noun
eiddigedd,noun
eiliad,noun
eingion,noun
einioes,noun
elis,noun
emyn,noun
enfys,noun
ennill,noun
enwadau,noun
erchwyn,noun
erlid,noun
esgair,noun
esgidiau,noun
etifedd,noun
evans,noun
fab,noun
fabi,noun
faboed,noun
faesydd,noun
fagddu,noun
fagnel,noun
fagnelau,noun
faich,noun
fami,noun
fantais,noun
farchog,noun
farddoniaeth,noun
farf,noun
farn,noun
fawnog,noun
febyd,noun
feddiant,noun
feddrod,noun
fedi,noun
fedr,noun
feirdd,noun
ffenestr,noun
fflam,noun
ffolineb,noun
ffosydd,noun
ffroen,noun
ffrydlif,noun
ffydd,noun
flas,noun
fodfedd,noun
fôr,noun
fradwr,noun
fraich,noun
fraint,noun
fraw,noun
frawddeg,noun
frecwest,noun
frest,noun
frodyr,noun
fugail,noun
fûn,noun
fwrdd,noun
fyddin,noun
fysedd,noun
gafaelion,noun
gagendor,noun
gallu,noun
gamrau,noun
gardd,noun
gas,noun
gêg,noun
gelfi,noun
gemau,noun
genedl,noun
gerdd,noun
gerddi,noun
gic,noun
glannau,noun
glaswellt,noun
gleddyf,noun
gloc,noun
glos,noun
glustie,noun
glwyd,noun
goeden,noun
goedydd,noun
goelcerth,noun
gog,noun
golau,noun
golygfeydd,noun
gorff,noun
gormes,noun
gors,noun
gorŵyrion,noun
gras,noun
grât,noun
greadigaeth,noun
grefydd,noun
gresyn,noun
grisial,noun
grisie,noun
gruddiau,noun
gryd,noun
gudd,noun
gusan,noun
gwahaniaeth,noun
gwalia,noun
gwared,noun
gwas,noun
gwê,noun
gweddiau,noun
gweir,noun
gwellaif,noun
gwellt,noun
gwenau,noun
gwerth,noun
gwmwl,noun
gwpan,noun
gwrdd,noun
gwrthod,noun
gwsg,noun
gwynedd,noun
gwynfyd,noun
gwys,noun
gyfandir,noun
gyflafan,noun
gyfnewidiad,noun
gyfoedion,noun
gyfoeth,noun
gyfraith,noun
gymeriad,noun
gymeriadau,noun
gymorth,noun
gyrls,noun
gyrn,noun
gysgodion,noun
gystudd,noun
gysur,noun
gysuron,noun
gysylltiad,noun
gyw,noun
gywreinrwydd,noun
haearn,noun
hael,noun
handlen,noun
harri,noun
hathraw,noun
helbul,noun
heliwr,noun
helyg,noun
helyntion,noun
heniaith,noun
heolydd,noun
heyrn,noun
hidl,noun
hinsawdd,noun
hochor,noun
hoel,noun
hogle,noun
hosan,noun
huan,noun
hynawsedd,noun
iâ,noun
ias,noun
iau,noun
ieuenctid,noun
indiaid,noun
ioan,noun
ionawr,noun
iôr,noun
jenkins,noun
job,noun
kent,noun
lam,noun
lamp,noun
lampau,noun
led,noun
len,noun
lengoedd,noun
les,noun
linie,noun
llafur,noun
llanc,noun
lledneisrwydd,noun
lleidr,noun
lleoedd,noun
lles,noun
llethrau,noun
llifogydd,noun
llinach,noun
llofrudd,noun
llus,noun
llygoden,noun
llynges,noun
llysoedd,noun
llywel,noun
lun,noun
lwfans,noun
lwybr,noun
lwyn,noun
lyfrau,noun
lys,noun
lythyrau,noun
mac,noun
magnelau,noun
marbls,noun
marged,noun
mehefin,noun
meirion,noun
melin,noun
mhlith,noun
mhobol,noun
mhraidd,noun
mlynedd,noun
mlynyddoedd,noun
moliant,noun
monwes,noun
morgannwg,noun
mraich,noun
mwyafrif,noun
myfyrdod,noun
nag,noun
newyddion,noun
ngair,noun
ngelyn,noun
ngelynion,noun
ngharreg,noun
nghartref,noun
nghefn,noun
nghraig,noun
nghwmwd,noun
nghyfaill,noun
nghymdeithas,noun
nghysgod,noun
ngliniau,noun
ngole,noun
ngwaed,noun
ngweddill,noun
ngwefus,noun
nhelyn,noun
nheulu,noun
nhrowsus,noun
nhy,noun
nhŷ,noun
nodwydd,noun
nodyn,noun
noswaith,noun
nosweithiau,noun
nwr,noun
nwyd,noun
nyfnder,noun
obaith,noun
ochre,noun
odlau,noun
oedfa,noun
oerfel,noun
ofal,noun
offa,noun
ofnau,noun
ôg,noun
ogoniant,noun
olchfa,noun
onn,noun
orchymyn,noun
organ,noun
orig,noun
oror,noun
orwel,noun
own,noun
paradwys,noun
parth,noun
parti,noun
peder,noun
pelydrau,noun
pendefigion,noun
pennau,noun
pensel,noun
pererin,noun
peryg,noun
pethau,noun
phresenoldeb,noun
piti,noun
plisgyn,noun
plwm,noun
pocedi,noun
porthladd,noun
porthmadog,noun
porthmon,noun
post,noun
pregethwyr,noun
pres,noun
pruddglwyf,noun
prŷ,noun
prydain,noun
pulpud,noun
pwnc,noun
pwrpas,noun
pwyth,noun
rhad,noun
rhegfeydd,noun
rheng,noun
rhent,noun
rheol,noun
rhes,noun
rhiw,noun
rhod,noun
rhu,noun
rhuddlan,noun
rhufeiniaid,noun
rhwyg,noun
rhwysg,noun
rhych,noun
rhyfeloedd,noun
rings,noun
rinwedd,noun
rod,noun
rywsut,noun
saesneg,noun
safn,noun
saint,noun
seddau,noun
sêr,noun
serchiadau,noun
sgrîn,noun
sir,noun
smwt,noun
stafell,noun
swigen,noun
swydd,noun
swyddogion,noun
symudiadau,noun
syniad,noun
tafod,noun
taid,noun
tamed,noun
tant,noun
taranau,noun
tegwch,noun
terfyn,noun
thaith,noun
thalcen,noun
thegid,noun
thegwch,noun
thomas,noun
thoriad,noun
throwsus,noun
top,noun
tori,noun
trawst,noun
trem,noun
trwst,noun
trwyn,noun
tud,noun
tunie,noun
twmpath,noun
twyn,noun
tyddyn,noun
tywyllwch,noun
undeb,noun
unigrwydd,noun
waith,noun
wales,noun
walie,noun
wartheg,noun
wddf,noun
wefusau,noun
wendid,noun
wennol,noun
wern,noun
wersi,noun
win,noun
wledd,noun
wlith,noun
wragedd,noun
wreichion,noun
wrth,noun
wsnos,noun
wynebau,noun
wŷr,noun
yd,noun
ŷd,noun
ymadawiad,noun
ymborth,noun
ymddiried,noun
ymrwymiadau,noun
ysbaid,noun
ystrad,noun
ystradgynlais,noun
blodau,noun
ddydd,noun
defaid,noun
droed,noun
dyfroedd,noun
gefn,noun
gloch,noun
iesu,noun
olwg,noun
stori,noun
adeg,noun
ateb,noun
dad,noun
dechre,noun
ffenest,noun
fynwent,noun
gader,noun
gole,noun
laura,noun
machgen,noun
ardd,noun
draed,noun
fore,noun
gymru,noun
hwyr,noun
pobol,noun
slum,noun
slumod,noun
tomos,noun
william,noun
wynt,noun
calon,noun
funud,noun
huws,noun
isaac,noun
awyr,noun
canu,noun
dŷ,noun
fin,noun
lais,noun
nefoedd,noun
sul,noun
syr,noun
ymyl,noun
bedd,noun
dro,noun
hanes,noun
huw,noun
le,noun
pren,noun
aeth,noun
cnau,noun
cymru,noun
pob,noun
bryn,noun
bywyd,noun
capel,noun
ganol,noun
pryd,noun
swn,noun
ofn,noun
ryw,noun
llygad,noun
ochor,noun
ysbryd,noun
aberth,noun
addewid,noun
adduned,noun
adwy,noun
amdo,noun
america,noun
amgylch,noun
amgylchiade,noun
angladd,noun
archesgob,noun
arfau,noun
b'ai,noun
babell,noun
bae,noun
bala,noun
ball,noun
bapur,noun
barddoniaeth,noun
bedw,noun
beirdd,noun
berson,noun
bethau,noun
bîff,noun
big,noun
biti,noun
blas,noun
blu,noun
blwydd,noun
blynyddau,noun
blynyddoedd,noun
borau,noun
borc,noun
brest,noun
breswylydd,noun
breuddwydion,noun
brig,noun
bryder,noun
bwtri,noun
caeau,noun
cath,noun
cawn,noun
caws,noun
cerddi,noun
cerddor,noun
cerfiad,noun
cetyn,noun
chanol,noun
charne,noun
choed,noun
chwydd,noun
cigydd,noun
cleddyfau,noun
colofnau,noun
côr,noun
cornel,noun
croeso,noun
cwmni,noun
cyfeillion,noun
cyfiawnder,noun
cyfnod,noun
cymraeg,noun
cynddaredd,noun
darlun,noun
dawn,noun
ddawn,noun
ddechre,noun
ddernyn,noun
dderyn,noun
ddiolch,noun
ddull,noun
ddyddiau,noun
ddyled,noun
ddynes,noun
delere,noun
diafol,noun
dic,noun
dinas,noun
distawrwydd,noun
draeth,noun
draw,noun
dref,noun
drefn,noun
dreigiau,noun
drigfan,noun
du,noun
dun,noun
dwfr,noun
dwmpath,noun
dwsin,noun
dychweliad,noun
dyddyn,noun
dyfnder,noun
dyled,noun
dymuniad,noun
eithin,noun
elen,noun
enwyn,noun
eryri,noun
estyn,noun
ewyllys,noun
ewyrth,noun
farchnad,noun
farwolaeth,noun
feibion,noun
feirionnydd,noun
fellten,noun
ffasiwn,noun
ffitie,noun
ffrynt,noun
ffunud,noun
ffurf,noun
ffurfafen,noun
filltir,noun
flinder,noun
flodyn,noun
flynyddau,noun
foche,noun
foment,noun
frechdan,noun
frys,noun
fwthyn,noun
fwyn,noun
fynyddoedd,noun
fyr,noun
gadair,noun
gae,noun
gain,noun
gamfa,noun
gamgymeriad,noun
ganwaith,noun
garchar,noun
garnedd,noun
gaseg,noun
geiriadur,noun
ginio,noun
gist,noun
glaw,noun
glicied,noun
gliniau,noun
glogwyn,noun
gnau,noun
gobennydd,noun
godiad,noun
goedwig,noun
gofid,noun
gôg,noun
goll,noun
gored,noun
gorffwys,noun
gorfoledd,noun
gorllewin,noun
gorn,noun
gosb,noun
grefft,noun
gwae,noun
gwbl,noun
gwener,noun
gwledydd,noun
gwobr,noun
gwrychoedd,noun
gychwyn,noun
gyflwr,noun
gyfrol,noun
gymro,noun
gyndadau,noun
gynddaredd,noun
hafren,noun
haid,noun
hamcan,noun
hanesion,noun
harddwch,noun
henw,noun
hiaith,noun
hin,noun
holau,noun
hollt,noun
hwyrddydd,noun
hymweliad,noun
iarll,noun
ini,noun
iwerddon,noun
llanddeusant,noun
llef,noun
llefydd,noun
llen,noun
llety,noun
llinyn,noun
llu,noun
llyfr,noun
llyfre,noun
llythrenne,noun
llythyr,noun
llythyren,noun
llywodraeth,noun
lodes,noun
loes,noun
lofft,noun
lonydd,noun
lundain,noun
lwc,noun
lwch,noun
lwyddiant,noun
lythyr,noun
maes,noun
maesydd,noun
mamau,noun
marchogion,noun
meirwon,noun
meityn,noun
mellt,noun
mercher,noun
mhensel,noun
miloedd,noun
minau,noun
mis,noun
miw,noun
modrwy,noun
moes,noun
mon,noun
morgan,noun
morthwyl,noun
mreichiau,noun
mrest,noun
mreuddwyd,noun
mun,noun
mur,noun
mwynhad,noun
myfanwy,noun
mys,noun
mysg,noun
nannedd,noun
naws,noun
nentydd,noun
nghamrau,noun
nghap,noun
nghefnder,noun
nghi,noun
nghinio,noun
nghlust,noun
nghlustie,noun
nghôt,noun
nghwmni,noun
nghymru,noun
ngrudd,noun
ngwas,noun
ngwddw,noun
ngwisg,noun
nhaith,noun
nheimlad,noun
nhir,noun
nhop,noun
nhrwyn,noun
nrws,noun
nymbar,noun
nyth,noun
o,noun
oel,noun
oferedd,noun
ofid,noun
owain,noun
pendefig,noun
pentre,noun
phan,noun
phob,noun
phoen,noun
pistyll,noun
ple,noun
pleser,noun
pobl,noun
potes,noun
radd,noun
rês,noun
rhialtwch,noun
rhos,noun
rhosyn,noun
rhyfeddod,noun
rhywle,noun
rieni,noun
risiau,noun
rownd,noun
rwyn,noun
rwysg,noun
rym,noun
rywfodd,noun
sail,noun
sedd,noun
seiat,noun
sein,noun
seremoni,noun
shon,noun
siawns,noun
sibrwd,noun
silc,noun
siop,noun
siw,noun
stoc,noun
stormydd,noun
strôc,noun
tai,noun
taith,noun
tatws,noun
tê,noun
telynor,noun
temlau,noun
thâl,noun
theimladau,noun
thipyn,noun
thraed,noun
tô,noun
tref,noun
trigolion,noun
troed,noun
tywydd,noun
tywysog,noun
unigedd,noun
was,noun
wefus,noun
wellt,noun
wên,noun
wenau,noun
wenwyn,noun
wers,noun
werth,noun
wisg,noun
wn,noun
wrecsam,noun
wy,noun
ŵyr,noun
ymweliadau,noun
ysbeidie,noun
ystyr,noun
diwedd,noun
llais,noun
nosweth,noun
eisio,noun
graig,noun
meddwl,noun
gwyneb,noun
llwyn,noun
môr,noun
phen,noun
diwrnod,noun
enw,noun
gŵr,noun
llyn,noun
pnawn,noun
sŵn,noun
tu,noun
anti,noun
daniel,noun
dy,noun
gair,noun
gen,noun
blaen,noun
duw,noun
tipyn,noun
coed,noun
ddaear,noun
fam,noun
gilydd,noun
plant,noun
golwg,noun
john,noun
mwyn,noun
dyn,noun
galon,noun
hanner,noun
tân,noun
twrch,noun
chware,noun
edward,noun
wyneb,noun
abercrave,noun
achlysur,noun
adenydd,noun
aig,noun
amcan,noun
amod,noun
amrant,noun
anadl,noun
anrheg,noun
anwiredd,noun
argraff,noun
arthur,noun
awdwr,noun
baich,noun
bannau,noun
bara,noun
barn,noun
blith,noun
blynedd,noun
bocs,noun
boen,noun
braich,noun
braw,noun
brawd,noun
bregethwr,noun
bys,noun
cadeirie,noun
cainc,noun
caneuon,noun
cefn,noun
chwaon,noun
cic,noun
clogwyn,noun
coedydd,noun
coese,noun
cor,noun
cusan,noun
cyfeiriad,noun
cymry,noun
cynhaea,noun
cynllun,noun
cyrls,noun
cyw,noun
dalcen,noun
dannedd,noun
daro,noun
ddail,noun
ddannedd,noun
ddeigryn,noun
ddŵr,noun
ddyddie,noun
deimladau,noun
dibyn,noun
donau,noun
dorf,noun
drannoeth,noun
drysor,noun
dull,noun
dychryn,noun
ebrill,noun
eden,noun
efengyl,noun
effaith,noun
ehedydd,noun
enwau,noun
esboniad,noun
esgus,noun
estron,noun
fach,noun
fara,noun
fargen,noun
farmor,noun
feddyliau,noun
fendith,noun
ferw,noun
ffrynd,noun
fis,noun
flaene,noun
fonwes,noun
frenhines,noun
fri,noun
frwydr,noun
frwyn,noun
fryd,noun
fryn,noun
fryniau,noun
fud,noun
furiau,noun
ganlyn,noun
gawn,noun
geffyl,noun
geg,noun
gegin,noun
geneth,noun
gerbyd,noun
gilfach,noun
glo,noun
glyw,noun
gobaith,noun
goes,noun
greigiau,noun
gryn,noun
gwddf,noun
gwefus,noun
gwen,noun
gwmni,noun
gwres,noun
gymry,noun
haeddiant,noun
hafddydd,noun
hanadl,noun
harlech,noun
hugh,noun
hwyliau,noun
hysbryd,noun
ia,noun
ifans,noun
lanc,noun
liw,noun
lladron,noun
llaeth,noun
llanw,noun
llestr,noun
llidiard,noun
llinelle,noun
llong,noun
llongau,noun
llundain,noun
llwyddiant,noun
llywelyn,noun
lo,noun
longau,noun
machlud,noun
madog,noun
maen,noun
manol,noun
marmor,noun
meirch,noun
mellten,noun
môn,noun
moroedd,noun
muriau,noun
murmur,noun
nain,noun
neid,noun
neuadd,noun
nghornel,noun
ngoleuni,noun
ngwallt,noun
nhalcen,noun
ochenaid,noun
ôl,noun
ollwng,noun
ormod,noun
penne,noun
priodas,noun
pryder,noun
pwy,noun
pwys,noun
reswm,noun
rhagluniaeth,noun
rhamant,noun
rhinwedd,noun
sach,noun
sadwrn,noun
saith,noun
sant,noun
sêt,noun
swllt,noun
sym,noun
symudiad,noun
taro,noun
tawelwch,noun
teimlad,noun
telyn,noun
ton,noun
tra,noun
tragwyddoldeb,noun
tun,noun
urddas,noun
weirglodd,noun
weithred,noun
wich,noun
wledydd,noun
wyddfa,noun
wye,noun
ŵyn,noun
ymweliad,noun
ymwelydd,noun
ysbrydion,noun
feddwl,noun
menna,noun
nghalon,noun
pethe,noun
tro,noun
wraig,noun
awel,noun
chwaer,noun
mai,noun
wawr,noun
bechgyn,noun
dwyrain,noun
mhen,noun
oed,noun
flaen,noun
bore,noun
alaw,noun
ffwrdd,noun
brenin,noun
rhaid,noun
garreg,noun
pen,noun
aderyn,noun
adfail,noun
arad,noun
atom,noun
bach,noun
baent,noun
beddau,noun
blodyn,noun
bnawn,noun
bro,noun
brwsh,noun
bryd,noun
buarth,noun
bugeiliaid,noun
cangen,noun
canol,noun
cartre,noun
cawr,noun
chwys,noun
cleddyf,noun
clwb,noun
cwch,noun
cyfrol,noun
cymoedd,noun
cystudd,noun
dafydd,noun
damed,noun
ddagrau,noun
ddychryn,noun
drafferth,noun
dyfodol,noun
engyl,noun
faban,noun
fantes,noun
fardd,noun
fedydd,noun
ffeithiau,noun
ffrwyth,noun
ffyn,noun
fil,noun
filwr,noun
filwyr,noun
frawd,noun
freichiau,noun
freuddwyd,noun
fwynhad,noun
fynwes,noun
gamp,noun
gawod,noun
geiliog,noun
glinie,noun
glod,noun
gogledd,noun
goleuni,noun
gore,noun
groes,noun
gweddill,noun
gweill,noun
gwên,noun
gwrs,noun
gyfaill,noun
gyfarfod,noun
gylch,noun
gysgod,noun
heddwch,noun
iawn,noun
india,noun
laeth,noun
llawenydd,noun
lloegr,noun
llond,noun
lot,noun
lu,noun
lyfr,noun
mabon,noun
maint,noun
mater,noun
math,noun
meini,noun
merched,noun
merlen,noun
mhlentyn,noun
modfedd,noun
morus,noun
mynwent,noun
mynwes,noun
mywyd,noun
ne,noun
ngwely,noun
niwl,noun
noson,noun
nwylo,noun
nyrs,noun
oen,noun
oesau,noun
oleuni,noun
olygfa,noun
orffen,noun
papur,noun
patent,noun
pheth,noun
phethe,noun
phlentyn,noun
plith,noun
poced,noun
pont,noun
pregethwr,noun
rhên,noun
rhesi,noun
roddes,noun
ruddiau,noun
rywle,noun
rywun,noun
sefyllfa,noun
setl,noun
tadau,noun
talwm,noun
tan,noun
teiliwr,noun
toc,noun
traeth,noun
war,noun
wedd,noun
ymddygiad,noun
bron,noun
drws,noun
llaw,noun
nef,noun
dipyn,noun
haul,noun
rhyw,noun
afon,noun
bob,noun
gyd,noun
adnod,noun
agored,noun
alun,noun
arswyd,noun
bad,noun
botel,noun
brandi,noun
brwyn,noun
cam,noun
cant,noun
carne,noun
cerrig,noun
chwiorydd,noun
clawdd,noun
codiad,noun
cwrdd,noun
cyfaill,noun
cyfarfod,noun
cywion,noun
ddiwedd,noun
ddrws,noun
degwch,noun
diolch,noun
druan,noun
drwyn,noun
dur,noun
edmygedd,noun
eglwys,noun
eigion,noun
eiriau,noun
fase,noun
fedd,noun
ffit,noun
ffos,noun
ffrainc,noun
ffrwd,noun
flodau,noun
flynyddoedd,noun
fun,noun
gannwyll,noun
giâr,noun
glin,noun
gormod,noun
gwaelod,noun
gwcw,noun
gwddw,noun
gweddi,noun
gwefuse,noun
gwlith,noun
gwn,noun
gwningod,noun
gwyn,noun
gwynion,noun
gyfeillion,noun
gyfer,noun
helfa,noun
hendre,noun
hiraeth,noun
hogyn,noun
jam,noun
lawenydd,noun
lin,noun
llestri,noun
llinell,noun
llofft,noun
llwybr,noun
lon,noun
lwyth,noun
lygaid,noun
meddyliau,noun
mhob,noun
mhoced,noun
milwr,noun
mrawd,noun
mul,noun
nghariad,noun
oes,noun
orffwys,noun
phlant,noun
praidd,noun
pry,noun
pŵ,noun
rol,noun
ryddid,noun
sgrech,noun
siomedigaeth,noun
tonau,noun
tonnau,noun
uffern,noun
undyn,noun
wallt,noun
ystod,noun
fan,noun
wlad,noun
lle,noun
medde,noun
peth,noun
aden,noun
air,noun
angel,noun
anian,noun
anrhydedd,noun
arfer,noun
bopeth,noun
bren,noun
catherine,noun
cinio,noun
cloc,noun
craig,noun
creadur,noun
crow,noun
cwmwl,noun
cyfan,noun
ddafad,noun
ddarn,noun
dderwen,noun
ddôl,noun
deryn,noun
deulu,noun
digon,noun
don,noun
doriad,noun
efail,noun
efel,noun
ewyn,noun
fedre,noun
fyn,noun
gaea,noun
garedig,noun
gariad,noun
garth,noun
gartref,noun
glychau,noun
gofal,noun
gogoniant,noun
greadur,noun
grist,noun
grudd,noun
gwanwyn,noun
gweinidog,noun
gwenllian,noun
gwŷr,noun
gynfas,noun
haner,noun
help,noun
iechyd,noun
llys,noun
march,noun
miwsig,noun
mochyn,noun
modd,noun
nifer,noun
oriau,noun
orsedd,noun
pant,noun
prydnawn,noun
rhyfel,noun
rywbeth,noun
seilin,noun
son,noun
sowldiwr,noun
swyn,noun
syndod,noun
teulu,noun
toriad,noun
twyll,noun
waelod,noun
weddi,noun
ymdrech,noun
ystafell,noun
ysgol,noun
amser,noun
ol,noun
arch,noun
arwydd,noun
base,noun
blentyn,noun
briodas,noun
cartref,noun
cerbyd,noun
coleg,noun
cychwyn,noun
daran,noun
ddillad,noun
ddwylo,noun
deigryn,noun
deimlad,noun
derw,noun
disgwyl,noun
dolydd,noun
drain,noun
drol,noun
ennyd,noun
falch,noun
ferlen,noun
ffafr,noun
ffenestri,noun
gad,noun
gollwng,noun
gwyr,noun
gynllun,noun
ifan,noun
la,noun
lan,noun
lliw,noun
min,noun
myn,noun
ngolwg,noun
ngwyneb,noun
palas,noun
rhen,noun
rhyddid,noun
richmond,noun
robert,noun
senedd,noun
trên,noun
trysor,noun
unman,noun
wyr,noun
ysbrydolieth,noun
ysgwydd,noun
gwynt,noun
achos,noun
awr,noun
tŷ,noun
byd,noun
pan,noun
ffordd,noun
allor,noun
alw,noun
awen,noun
baban,noun
bensel,noun
ble,noun
bwys,noun
cân,noun
clychau,noun
cwbl,noun
cwm,noun
cymro,noun
cysgod,noun
dân,noun
ddynion,noun
dir,noun
eos,noun
fesur,noun
ffrindie,noun
fiwsig,noun
fys,noun
ger,noun
goed,noun
gof,noun
gwartheg,noun
gwely,noun
gwlâu,noun
gwraig,noun
gynffon,noun
haf,noun
herwydd,noun
lleuad,noun
lloer,noun
llwch,noun
llwybrau,noun
llwyth,noun
mêl,noun
munud,noun
neges,noun
nhraed,noun
pellter,noun
rheswm,noun
robin,noun
sut,noun
twll,noun
wil,noun
ymddangosiad,noun
ymgom,noun
lawr,noun
dydd,noun
hyd,noun
dim,noun
edrych,noun
nos,noun
nhad,noun
