a,verb
aberthet,verb
achose,verb
achosi,verb
achubwyd,verb
addasu,verb
addawsai,verb
addewais,verb
addewaist,verb
addewes,verb
addolai,verb
adeiladais,verb
adewch,verb
adewir,verb
adfywhau,verb
adnabuaswn,verb
adnabum,verb
adnabydda,verb
adnabyddai,verb
adroddais,verb
adroddant,verb
adroddodd,verb
adwaen,verb
adwaenai,verb
aeddfedodd,verb
aethpwyd,verb
âf,verb
agorai,verb
agores,verb
agorwn,verb
agorwyd,verb
aildyfu,verb
ailgychwyn,verb
allaswn,verb
allech,verb
allem,verb
allodd,verb
alwed,verb
alwodd,verb
amddiffynno,verb
amgylchu,verb
amgylchynnu,verb
amlygodd,verb
amlygu,verb
analluogodd,verb
anedli,verb
anelaf,verb
anfonwyd,verb
anghofiodd,verb
anturiaf,verb
anturiais,verb
anwylo,verb
apeliai,verb
archwiliai,verb
arddangos,verb
aredig,verb
arferais,verb
arferem,verb
argraffodd,verb
argyhoeddi,verb
arhosai,verb
arhosem,verb
arhoses,verb
arhosodd,verb
arllwys,verb
arllwysodd,verb
aroglai,verb
arosasant,verb
arweiniai,verb
arweiniais,verb
arweiniodd,verb
arwyddo,verb
astudiais,verb
atal,verb
ataliodd,verb
atebai,verb
atebes,verb
atebwyd,verb
atelir,verb
atgoffa,verb
awgrymed,verb
awgrymu,verb
awgrymwyd,verb
b'asai,verb
b'wyf,verb
baeddwyd,verb
baffio,verb
ballai,verb
baratoi,verb
bared,verb
begie,verb
beichiodd,verb
beio,verb
belydru,verb
benderfynodd,verb
bendympian,verb
beraroglant,verb
berarogli,verb
berffeithio,verb
bernid,verb
berswadiwyd,verb
betruso,verb
blagio,verb
blagurodd,verb
blediodd,verb
bleidiai,verb
bleidio,verb
bleth,verb
blethu,verb
bloeddiai,verb
bloeddiodd,verb
bluen,verb
bluo,verb
blygodd,verb
blygu,verb
blysio,verb
boch,verb
boddhaf,verb
boer,verb
boethed,verb
borent,verb
botied,verb
bowliodd,verb
bradychu,verb
brefodd,verb
bregethu,verb
breswylio,verb
breuddwydiant,verb
brifest,verb
brifodd,verb
brintio,verb
briodoli,verb
britho,verb
brodir,verb
brofant,verb
broffwydi,verb
bryderu,verb
brydferthu,verb
brygowtha,verb
brynu,verb
brysio,verb
brysurant,verb
brysurasai,verb
brysuro,verb
buasent,verb
buaswn,verb
buon,verb
bwriadu,verb
bwriedais,verb
bwrlymu,verb
bydda,verb
byddaf,verb
byddem,verb
byddoch,verb
byddwch,verb
bympio,verb
cadwai,verb
cadwem,verb
cadwes,verb
cadwynwyd,verb
caeais,verb
caet,verb
caffwyf,verb
caledu,verb
camgymerodd,verb
camgymeryd,verb
camsynied,verb
canai,verb
canant,verb
canasom,verb
caniatai,verb
caniataodd,verb
canlyn,verb
canmol,verb
canwn,verb
carasai,verb
carem,verb
cario,verb
cariwyd,verb
carlamu,verb
caru,verb
carwyd,verb
casglwyd,verb
castie,verb
cefnaist,verb
cefnu,verb
ceidw,verb
celcio,verb
cenid,verb
cerais,verb
cerddai,verb
cerfio,verb
cerir,verb
cest,verb
chablwyd,verb
chadwes,verb
chaem,verb
chaet,verb
chafnu,verb
chafodd,verb
chaledu,verb
cham,verb
chanaf,verb
chanwn,verb
chanwyd,verb
chara,verb
charaf,verb
charu,verb
chefais,verb
chefnais,verb
cheisiaf,verb
cheisiwn,verb
chewch,verb
chiliodd,verb
chloi,verb
chlowyd,verb
chlywech,verb
chlywem,verb
chlywodd,verb
chodwn,verb
chofiodd,verb
chofleidio,verb
cholli,verb
chondemniai,verb
chredai,verb
chredu,verb
chrïais,verb
chrio,verb
chrwydro,verb
chrychu,verb
chryfhau,verb
chrynodd,verb
chrynu,verb
chuddiaf,verb
chuddio,verb
churo,verb
churodd,verb
chusannodd,verb
chwalu,verb
chwaraeodd,verb
chwarddodd,verb
chwblhau,verb
chwcio,verb
chwerwais,verb
chwerwed,verb
chwerwo,verb
chwiliodd,verb
chwincied,verb
chwter,verb
chwyddai,verb
chwyddodd,verb
chwyfio,verb
chwymped,verb
chwythai,verb
chwythodd,verb
chychwyn,verb
chyfansoddi,verb
chyflawnu,verb
chyflwyno,verb
chyhoeddi,verb
chymerodd,verb
chymeryd,verb
chymhellais,verb
chynghori,verb
chynghorodd,verb
chynorthwyo,verb
chysegru,verb
chysges,verb
chysgu,verb
chysuro,verb
claddes,verb
claddodd,verb
claddu,verb
cledre,verb
clician,verb
clirian,verb
cloddio,verb
clowyd,verb
clwyfo,verb
clywai,verb
clywech,verb
clywes,verb
clywsom,verb
cnoi,verb
codaf,verb
codet,verb
coffeir,verb
cofiaf,verb
cofiais,verb
cofiasom,verb
cofied,verb
cofleidiaf,verb
cofleidio,verb
coginio,verb
collodd,verb
coronwyd,verb
cracio,verb
crafangu,verb
crafodd,verb
crafu,verb
credai,verb
credais,verb
croesawu,verb
crwydraf,verb
cuddied,verb
cuddiodd,verb
curwyd,verb
cusanai,verb
cusanu,verb
cwcio,verb
cwrdd,verb
cwymp,verb
cwympa,verb
cwympasant,verb
cwymped,verb
cychwynasant,verb
cychwynasom,verb
cychwynnodd,verb
cydatebant,verb
cydredeg,verb
cydweithio,verb
cyfaddef,verb
cyfannu,verb
cyfansoddwyd,verb
cyfeiriaf,verb
cyffiwyd,verb
cyffroi,verb
cyffyrddes,verb
cyflawnu,verb
cyflawnwyd,verb
cyflwynir,verb
cyflwyno,verb
cyflwynodd,verb
cyfodasid,verb
cyfodwyd,verb
cyfranogi,verb
cyfreithloni,verb
cyhoeddwyd,verb
cyhuddo,verb
cyhwfan,verb
cymeraist,verb
cymere,verb
cymhellai,verb
cymysgu,verb
cynhennid,verb
cynhyrfwyd,verb
cynorthwyai,verb
cynyddai,verb
cyrhaeddais,verb
cyrhaeddes,verb
cyrlio,verb
cysgodd,verb
d'eni,verb
d'wedais,verb
dadblygu,verb
daenellai,verb
daethent,verb
daflodd,verb
dalent,verb
dalies,verb
dalio,verb
dalith,verb
daliwn,verb
danfon,verb
danfonasid,verb
danfonodd,verb
dangosaist,verb
dangoses,verb
daniwyd,verb
dapo,verb
darddu,verb
darllenais,verb
darllennai,verb
darllennem,verb
daro,verb
darparasai,verb
darparu,verb
dasen,verb
datgan,verb
datguddiwyd,verb
dau,verb
dd'ont,verb
dd'wedyd,verb
ddadleuo,verb
ddadweinio,verb
ddaearen,verb
ddaliet,verb
ddaliwn,verb
ddamnio,verb
ddanfon,verb
ddarganfod,verb
ddarllenem,verb
ddarllennai,verb
ddarlunio,verb
ddatganant,verb
ddawnsiodd,verb
dde'wn,verb
ddeallais,verb
ddeallodd,verb
ddechre,verb
ddechreua,verb
ddechreuent,verb
ddedwyddaf,verb
ddeffinio,verb
ddeffrôdd,verb
ddefnyddio,verb
ddefnyddiodd,verb
ddeliais,verb
ddenu,verb
ddeuaf,verb
ddeuant,verb
ddeue,verb
ddewis,verb
ddiffodd,verb
ddiflannu,verb
ddifodi,verb
ddifrodwyd,verb
ddigia,verb
ddigio,verb
ddigwydd,verb
ddilynais,verb
ddioddefodd,verb
ddiolches,verb
ddisgleiriaf,verb
ddisgwyl,verb
ddisgwyliem,verb
ddisgwyliodd,verb
ddisgynnant,verb
ddisgynne,verb
ddiwalla,verb
ddiweddu,verb
ddotio,verb
ddrachtiais,verb
ddreifio,verb
ddringa,verb
ddwed,verb
ddwedir,verb
ddychlamai,verb
ddychrynid,verb
ddychrynnu,verb
ddychrynu,verb
ddyddio,verb
ddygai,verb
ddygir,verb
ddygodd,verb
ddygwn,verb
ddylase,verb
ddylem,verb
ddymunet,verb
ddymunwn,verb
ddynodent,verb
ddyrchafu,verb
ddyrysu,verb
ddysga,verb
ddysgai,verb
ddysgasom,verb
ddysgwyd,verb
ddywedaf,verb
ddywedaist,verb
ddywedant,verb
ddywedasom,verb
dê,verb
deallai,verb
deallais,verb
debygem,verb
dechreues,verb
defnyddio,verb
deifio,verb
deimlodd,verb
deimlwn,verb
deithiwn,verb
deliais,verb
delo,verb
dendio,verb
denu,verb
derbyniais,verb
derbyniasai,verb
derbyniwyd,verb
deri,verb
dery,verb
desgrifio,verb
deuai,verb
deuwch,verb
dewis,verb
dianc,verb
diddanu,verb
diffoddodd,verb
diflannu,verb
digwydde,verb
digwyddodd,verb
dihuno,verb
dilynodd,verb
dilynwyd,verb
dioddef,verb
diolchais,verb
diorseddu,verb
diosgais,verb
dipio,verb
diraddio,verb
disgynned,verb
distewi,verb
do,verb
dodais,verb
doddai,verb
dodwyd,verb
dofi,verb
doist,verb
don't,verb
dor,verb
dorra,verb
dorrai,verb
dorres,verb
dorrodd,verb
dosia,verb
dost,verb
dotian,verb
draddododd,verb
drafaelio,verb
dramwyai,verb
dramwyant,verb
dramwyo,verb
drechaf,verb
drefnai,verb
dreiddiodd,verb
dremio,verb
drengodd,verb
dreulio,verb
dreuliodd,verb
dringasom,verb
dringem,verb
dringes,verb
driniodd,verb
drôdd,verb
droellet,verb
droet,verb
drônt,verb
drycha,verb
dryches,verb
drywanu,verb
duaf,verb
duant,verb
duo,verb
dweud,verb
dwyllo,verb
dwyllwyd,verb
dybiais,verb
dybied,verb
dybio,verb
dychryn,verb
dychrynwyd,verb
dychwelaist,verb
dyfant,verb
dyfent,verb
dyfnhau,verb
dyfodd,verb
dyfu,verb
dygai,verb
dygasai,verb
dygir,verb
dygwyd,verb
dyheu,verb
dylai,verb
dyle,verb
dylech,verb
dylent,verb
dylid,verb
dymunai,verb
dynasant,verb
dynerwch,verb
dynesais,verb
dynesu,verb
dyngodd,verb
dynwared,verb
dyrchafai,verb
dyrchafwyd,verb
dyrned,verb
dyry,verb
dysgodd,verb
dystiant,verb
dywallto,verb
dywedasoch,verb
dywyllant,verb
dywyllu,verb
dywysa,verb
edliw,verb
edmygid,verb
edmygu,verb
edrychaf,verb
edrychais,verb
edrychasant,verb
edrychasom,verb
edrychwn,verb
egluro,verb
ehedai,verb
ehedeg,verb
ehedodd,verb
eiddigeddai,verb
eiddigeddu,verb
eilio,verb
eilw,verb
eiste,verb
eisteddaf,verb
eisteddes,verb
eithrio,verb
ellid,verb
ellir,verb
elwid,verb
enciliodd,verb
enhuddo,verb
enillai,verb
enillaswn,verb
enilled,verb
enillodd,verb
ennill,verb
erlid,verb
esboniodd,verb
esgynnais,verb
esgynnodd,verb
esmwythaist,verb
esmwythâu,verb
est,verb
estyn,verb
estynasai,verb
etyb,verb
ewn,verb
fachu,verb
faluriwyd,verb
fawl,verb
fedda,verb
feddyliai,verb
fedraf,verb
fedrech,verb
fedren,verb
fedres,verb
fedro,verb
fedrodd,verb
fedrwch,verb
feiddiai,verb
feiddient,verb
feiddiodd,verb
fentres,verb
ferwi,verb
fethes,verb
ffafrio,verb
ffansïo,verb
ffarweliodd,verb
ffeindiodd,verb
fferrodd,verb
fferru,verb
ffitio,verb
fflachiant,verb
fflamiant,verb
ffodd,verb
ffoi,verb
fforffedu,verb
ffrwyno,verb
ffrydio,verb
flasa,verb
flinais,verb
flodeua,verb
floeddio,verb
floeddiwyd,verb
foddhau,verb
foddlonai,verb
foddloni,verb
foddodd,verb
frifest,verb
frifo,verb
frysiodd,verb
fuasem,verb
fues,verb
fuo,verb
fuost,verb
fwriadu,verb
fwynheid,verb
fwytaodd,verb
fyfyrio,verb
fynegu,verb
fynnaf,verb
fynnai,verb
fynnwn,verb
fynychaf,verb
gadawaf,verb
gadawodd,verb
gadawyd,verb
gadewais,verb
gadewaist,verb
gadwes,verb
gadwodd,verb
gaem,verb
gaethiwo,verb
gaffom,verb
gallant,verb
gallaswn,verb
galle,verb
gallodd,verb
galluogi,verb
galwasom,verb
galwyd,verb
gamgymeryd,verb
gamodd,verb
gana,verb
ganant,verb
ganfod,verb
ganiatawn,verb
ganlynent,verb
ganwn,verb
gapio,verb
gâr,verb
garai,verb
garasech,verb
garech,verb
garem,verb
gariodd,verb
garodd,verb
garpie,verb
gasglwyd,verb
geidw,verb
geiff,verb
geisiais,verb
geisies,verb
geisiwch,verb
gelwid,verb
gên,verb
genych,verb
gerddodd,verb
gerir,verb
gicio,verb
gipio,verb
gipiodd,verb
gladdasant,verb
gladdwyd,verb
glaniodd,verb
glaniwyd,verb
glasu,verb
glepian,verb
glirio,verb
gliriodd,verb
gloddiwyd,verb
gloywi,verb
glustfeinio,verb
glwyfo,verb
glywais,verb
glywant,verb
glywen,verb
glywent,verb
glywest,verb
glywi,verb
gno,verb
gnoi,verb
gobeithiai,verb
godais,verb
gode,verb
godent,verb
gofalu,verb
gofidio,verb
gofynnai,verb
gogwyddodd,verb
goleuwyd,verb
gollaist,verb
golle,verb
gollent,verb
gollir,verb
gollwyd,verb
gollynges,verb
gollyngwyd,verb
golygwyd,verb
gorffwysaf,verb
gorfododd,verb
gormesais,verb
gormesaist,verb
gornant,verb
gorweddai,verb
gosbi,verb
gosodaf,verb
gosodais,verb
gosododd,verb
gostwng,verb
gredes,verb
greodd,verb
griai,verb
grio,verb
grogai,verb
grogi,verb
grwgnach,verb
grwydraf,verb
grwydrais,verb
grynent,verb
guchia,verb
guddiodd,verb
gurodd,verb
gusannu,verb
gusano,verb
gusanu,verb
gwadu,verb
gwaedd,verb
gwaedda,verb
gwaeddodd,verb
gwagsymera,verb
gwahoddid,verb
gwanhau,verb
gwaredu,verb
gwasgai,verb
gwasget,verb
gwasgodd,verb
gwau,verb
gwcio,verb
gweddnewid,verb
gwelaist,verb
gwelant,verb
gweler,verb
gwelsant,verb
gwelsoch,verb
gwelwi,verb
gwelwn,verb
gwelwodd,verb
gwersyllwyd,verb
gwerthfawrogi,verb
gwerthwyd,verb
gwgi,verb
gwgodd,verb
gwgu,verb
gwibio,verb
gwisgi,verb
gwnaem,verb
gwnaethai,verb
gwneir,verb
gwnio,verb
gwpaned,verb
gwrandawodd,verb
gwreichionen,verb
gwrolaf,verb
gwrthodir,verb
gwrthodwyd,verb
gwthiodd,verb
gwyliodd,verb
gwympodd,verb
gwynan,verb
gwynebu,verb
gwynfanai,verb
gwyngalchu,verb
gwyrodd,verb
gwystlo,verb
gychwynnes,verb
gychwynnodd,verb
gydied,verb
gydnabod,verb
gydsynio,verb
gydsyniodd,verb
gyfadde,verb
gyfaddef,verb
gyfeiriais,verb
gyfeiriwyd,verb
gyffyrddodd,verb
gyflwynodd,verb
gyfodant,verb
gyfodi,verb
gyfododd,verb
gyfodwyd,verb
gym'ryd,verb
gymerasai,verb
gymerasant,verb
gymerasent,verb
gymowta,verb
gymysgodd,verb
gyneuodd,verb
gynghori,verb
gynhalia,verb
gynhyrfodd,verb
gynhyrfu,verb
gynllunio,verb
gynnal,verb
gynnu,verb
gynrychioli,verb
gynyddodd,verb
gyrchu,verb
gyrlio,verb
gyrrais,verb
gyrraist,verb
gysgai,verb
gysgodent,verb
gysidro,verb
gysuro,verb
gysylltu,verb
hachub,verb
hadu,verb
hagor,verb
hailgymododd,verb
hamgylchynu,verb
handlo,verb
hanfonodd,verb
hannerch,verb
hanwylaf,verb
harddaf,verb
hardded,verb
hatafaelu,verb
hawlio,verb
hedfan,verb
hedmygu,verb
hedodd,verb
heistedd,verb
heliai,verb
heliodd,verb
henwi,verb
henwodd,verb
hepian,verb
hercian,verb
heui,verb
hiraethai,verb
hiraethais,verb
hitio,verb
hoeliodd,verb
hoes,verb
hoffet,verb
hoffrymu,verb
hofran,verb
hogo,verb
holais,verb
holltwyd,verb
hudo,verb
hunai,verb
hunan,verb
hunodd,verb
hwmian,verb
hychwanegu,verb
hyrddio,verb
hysbyswyd,verb
hysbyswyf,verb
hysgoi,verb
hysgwyd,verb
hystyried,verb
ired,verb
iro,verb
iwsio,verb
ladda,verb
laddodd,verb
laddwyd,verb
ladrata,verb
lapio,verb
lawenhaodd,verb
lawenychodd,verb
lawio,verb
ledan,verb
leddfu,verb
lefarent,verb
leinw,verb
lenwi,verb
licio,verb
lifant,verb
lifeiriant,verb
lithrodd,verb
lladdwyd,verb
llaesu,verb
llafuriwn,verb
llamant,verb
llamu,verb
llamwyd,verb
llanw,verb
llanwodd,verb
llechai,verb
llefarai,verb
llenwi,verb
llewygu,verb
llifant,verb
llifi,verb
llifio,verb
llinellu,verb
llithrodd,verb
llochesant,verb
llongyfarch,verb
llonni,verb
llonydded,verb
llwgu,verb
llwybro,verb
llwyddaf,verb
llwyddasom,verb
llwyddes,verb
llwyddwyd,verb
llwydo,verb
llyfodd,verb
llyfu,verb
llygadu,verb
llygru,verb
lochesid,verb
lofruddio,verb
lolian,verb
losgai,verb
losgodd,verb
luchies,verb
luchio,verb
lusgo,verb
lwgu,verb
lwytho,verb
lychwino,verb
lyfent,verb
lywodraethai,verb
lywodraethu,verb
maddeua,verb
maeddu,verb
mage,verb
magodd,verb
magwyd,verb
malu,verb
maluriasant,verb
manylu,verb
meddaf,verb
meddalwch,verb
meddiennes,verb
meddu,verb
meddwyf,verb
meddyliasom,verb
meddyliem,verb
meddyliodd,verb
medra,verb
medrais,verb
melltithio,verb
mentro,verb
methe,verb
methem,verb
mhasio,verb
mhinsien,verb
mhleth,verb
mudan,verb
murmurai,verb
mwydro,verb
mwyneiddiaf,verb
myddaru,verb
myfyrio,verb
mygu,verb
mynnai,verb
mynnoch,verb
mynnu,verb
myw,verb
nacau,verb
nacw,verb
nadded,verb
nagydi,verb
nallt,verb
narganfod,verb
nei,verb
neidiai,verb
newidiai,verb
nghofio,verb
nghrasu,verb
nghychwynnodd,verb
nghydnabod,verb
nghyfarfod,verb
nghyfeddach,verb
ngorchfygu,verb
ngwneuthur,verb
nhrin,verb
nhristau,verb
nodded,verb
noder,verb
nodi,verb
nosi,verb
nythu,verb
obeithiaf,verb
obeithio,verb
ochneidio,verb
oddiweddais,verb
oedai,verb
oeddet,verb
oeddit,verb
oeri,verb
oernade,verb
offrymodd,verb
offrymwyd,verb
ofnaf,verb
ofnai,verb
ofnwn,verb
olaf,verb
olchir,verb
oleuo,verb
oleuwyd,verb
orchymyn,verb
ordeinio,verb
ordro,verb
oresgyn,verb
orffen,verb
orffennodd,verb
orffwysant,verb
orffwyso,verb
orweddant,verb
orweddent,verb
osod,verb
osododd,verb
ostega,verb
parhaet,verb
parhaf,verb
parhau,verb
parlyswyd,verb
parodd,verb
pechais,verb
pechu,verb
pedoli,verb
penderfynes,verb
pendwmpian,verb
penliniodd,verb
petase,verb
petrusais,verb
phaentio,verb
pharche,verb
pharodd,verb
phasio,verb
pheidies,verb
phenelinie,verb
pherchir,verb
phlannodd,verb
phlannu,verb
phlethodd,verb
phluen,verb
phlycio,verb
phoerodd,verb
phuraf,verb
phwffian,verb
phwysem,verb
picio,verb
pigo,verb
pilio,verb
pledio,verb
plesie,verb
plethant,verb
pluen,verb
plyges,verb
plygodd,verb
pobi,verb
pobo,verb
poeni,verb
poeri,verb
practeisio,verb
preswylio,verb
priodolir,verb
priodwyd,verb
proffesu,verb
proffwydi,verb
profi,verb
profodd,verb
prydyddu,verb
puro,verb
pwtian,verb
pwyntio,verb
pwysai,verb
pwysais,verb
pwysleisio,verb
r'ont,verb
ratlo,verb
regodd,verb
rhannwyd,verb
rhedwn,verb
rhegi,verb
rheoli,verb
rhewed,verb
rhidyllio,verb
rhoch,verb
rhoddaf,verb
rhoddai,verb
rhoddid,verb
rhoed,verb
rhois,verb
rholio,verb
rhoncian,verb
rhostio,verb
rhued,verb
rhuthrai,verb
rhuthrais,verb
rhuthrant,verb
rhwyfwn,verb
rhybuddio,verb
rhybuddiodd,verb
rhyddhaodd,verb
rhyfeddais,verb
rhygnai,verb
rhygnu,verb
rhythu,verb
rodia,verb
rodient,verb
roeddet,verb
rois,verb
rowlio,verb
rua,verb
ruent,verb
ruthrodd,verb
rwyfais,verb
rwyfo,verb
rwyfwn,verb
rwygo,verb
rwygwyd,verb
rybedio,verb
saethu,verb
safant,verb
safasom,verb
saif,verb
sangu,verb
sangwyd,verb
sarhau,verb
sefes,verb
sefydlu,verb
seibiant,verb
seinio,verb
sengais,verb
sgafnu,verb
sgleinio,verb
sgrifennu,verb
sgwennodd,verb
siaradai,verb
siaradodd,verb
siarsio,verb
siffrwd,verb
sirioli,verb
sisialo,verb
smalio,verb
sobreiddio,verb
soddi,verb
sôn,verb
soniaf,verb
soniant,verb
sonie,verb
soniwyd,verb
stwffio,verb
styrbio,verb
suddai,verb
sugno,verb
suro,verb
surodd,verb
swingio,verb
swynai,verb
sycha,verb
sychais,verb
sychedu,verb
syflyd,verb
syfrdanu,verb
syllaf,verb
syllai,verb
syllant,verb
sylwai,verb
sylweddolwyd,verb
sylwodd,verb
symudais,verb
symudwyd,verb
synfyfyrio,verb
syrthia,verb
syrthiaf,verb
syrthiasai,verb
syrthied,verb
taeru,verb
taflais,verb
taflwyd,verb
tagu,verb
tapio,verb
tapo,verb
tarddai,verb
tasech,verb
tasen,verb
tawe,verb
tawelodd,verb
teflais,verb
teilyngu,verb
teimlaf,verb
teimles,verb
teimlwn,verb
teithiai,verb
teithiais,verb
terfysgwyd,verb
tery,verb
tewi,verb
teyrnasu,verb
thaclodd,verb
thaeru,verb
thaflodd,verb
theimlaf,verb
theimlai,verb
theimlem,verb
theimlo,verb
theimlodd,verb
theithio,verb
thraflyncu,verb
thrawsfeddiannu,verb
threchu,verb
threiddio,verb
threio,verb
threiodd,verb
thrin,verb
thrio,verb
throi,verb
throis,verb
thuchan,verb
thybiem,verb
thybiodd,verb
thynnai,verb
thynnodd,verb
thynnu,verb
thyred,verb
thystiai,verb
tipian,verb
tirio,verb
tolli,verb
torasid,verb
torrer,verb
traddodi,verb
traethu,verb
tramwyais,verb
trechodd,verb
treiglo,verb
treuliais,verb
treuliasom,verb
treulio,verb
trigai,verb
trywanu,verb
tucha,verb
twymno,verb
tybid,verb
tybiodd,verb
tybir,verb
tycio,verb
tyfa,verb
tyllu,verb
tynasant,verb
tynghedwyd,verb
tynne,verb
tynnes,verb
tynni,verb
tywynnu,verb
tywys,verb
wa,verb
wado,verb
wadwyd,verb
wages,verb
wahan,verb
waherddi,verb
wario,verb
wasanaeth,verb
wasgai,verb
wasgu,verb
wawdiant,verb
wawriodd,verb
weddiai,verb
wegi,verb
wei,verb
weiddi,verb
weinyddu,verb
wela,verb
wele'n,verb
welid,verb
welom,verb
welsant,verb
welson,verb
wenant,verb
wenodd,verb
werthes,verb
werthfawrogai,verb
werthu,verb
wibiodd,verb
wichian,verb
wincio,verb
wisga,verb
wlanen,verb
wlychu,verb
wna,verb
wnaem,verb
wnaen,verb
wnaent,verb
wnaethai,verb
wnaethom,verb
wnei,verb
wneid,verb
wnelo,verb
wnest,verb
wnïo,verb
wrandawodd,verb
wrandewes,verb
wridaist,verb
wrteithio,verb
wynebai,verb
wynne,verb
wyrddu,verb
wyro,verb
ychwanegu,verb
ydy,verb
ylch,verb
ymaflodd,verb
ymataliodd,verb
ymbalfalu,verb
ymbelydru,verb
ymbriodi,verb
ymchwyddai,verb
ymchwyddo,verb
ymddangosodd,verb
ymddial,verb
ymddigrifo,verb
ymddiriedaf,verb
ymddyrchafu,verb
ymdrechais,verb
ymdrechu,verb
ymdrochai,verb
ymestyn,verb
ymffrostio,verb
ymffyrnigo,verb
ymgasglodd,verb
ymgrymai,verb
ymgrymu,verb
ymholi,verb
ymladd,verb
ymlâdd,verb
ymledu,verb
ymlusgodd,verb
ymolchi,verb
ymolchodd,verb
ymollwng,verb
ymollyngodd,verb
ymorchestais,verb
ymostyngais,verb
ymrafaelio,verb
ymresymu,verb
ymrwyfodd,verb
ymyli,verb
yrraf,verb
yrrodd,verb
yrru,verb
ysbeilio,verb
ysbio,verb
ysbrydoli,verb
ysed,verb
ysgafnhau,verb
ysgrechain,verb
ysgrechian,verb
ystyriais,verb
ystyriem,verb
ystyriodd,verb
ystyrir,verb
cawsom,verb
cododd,verb
credu,verb
cychwyn,verb
dangos,verb
dawnsio,verb
drodd,verb
dwyn,verb
dyfod,verb
farw,verb
feder,verb
ffrïo,verb
fydde,verb
gwrando,verb
neidiodd,verb
nofio,verb
rhuo,verb
rhuthrodd,verb
smocio,verb
trodd,verb
doedd,verb
cwyd,verb
gadael,verb
gafodd,verb
geisio,verb
gofio,verb
gwylio,verb
nabod,verb
redeg,verb
roddi,verb
safodd,verb
sychu,verb
welem,verb
wyddoch,verb
cael,verb
o'n,verb
af,verb
basio,verb
byddai,verb
cau,verb
cyrraedd,verb
fyddai,verb
fyned,verb
gorwedd,verb
medru,verb
nadu,verb
nol,verb
roeddem,verb
welais,verb
wn,verb
wnaf,verb
wyddwn,verb
yw,verb
ydi,verb
adael,verb
agor,verb
alw,verb
anghofio,verb
cadw,verb
ddod,verb
dorri,verb
dowch,verb
es,verb
feddwl,verb
myned,verb
oeddem,verb
rhoddodd,verb
rwyf,verb
wnai,verb
ddwyn,verb
ddywed,verb
gwelodd,verb
nes,verb
pasio,verb
peidio,verb
trio,verb
troi,verb
weles,verb
bawn,verb
beidio,verb
ceisio,verb
dallt,verb
dechreuodd,verb
dynnu,verb
neidio,verb
wyddost,verb
bod,verb
chael,verb
cysgu,verb
dydio,verb
tyrd,verb
wneuthur,verb
dechre,verb
gadw,verb
glywed,verb
leicio,verb
ofni,verb
symud,verb
tynnu,verb
wele,verb
mynd,verb
aethom,verb
chwythu,verb
edrychodd,verb
sefyll,verb
ymddangos,verb
achlysurwyd,verb
adawodd,verb
adeiladu,verb
adewais,verb
adnabod,verb
aeddfedu,verb
aem,verb
aent,verb
aethai,verb
âi,verb
allai,verb
amgylchynu,verb
anrhydeddu,verb
ânt,verb
anwyd,verb
apelio,verb
arafai,verb
arafu,verb
arbed,verb
arbedodd,verb
areithio,verb
awgrymai,verb
awn,verb
bachu,verb
beiddio,verb
besychu,verb
bigo,verb
blodeuo,verb
blygai,verb
boddhau,verb
bodloni,verb
bodlonodd,verb
brancio,verb
breuddwydiais,verb
briodi,verb
brychan,verb
brysiodd,verb
buoch,verb
buost,verb
bwrw,verb
bwyntio,verb
bwysleisio,verb
byddi,verb
caem,verb
caeodd,verb
canfod,verb
caniatau,verb
capie,verb
casglodd,verb
ceisiai,verb
ceisiais,verb
cenais,verb
cerddasom,verb
chadwodd,verb
chaf,verb
chanfod,verb
chario,verb
chladdwyd,verb
chlywais,verb
chodes,verb
choeliech,verb
chollodd,verb
chusannu,verb
chwifio,verb
chwyrnellu,verb
chwyrnu,verb
chwythe,verb
chyffwrdd,verb
chynhyrfu,verb
chysidro,verb
cicio,verb
ciliodd,verb
cipio,verb
cochi,verb
codai,verb
cofies,verb
cusannodd,verb
cwympodd,verb
cyfeiriais,verb
cyfeiriodd,verb
cyfnewid,verb
cyfodi,verb
cyhoeddi,verb
cym'ryd,verb
cymerais,verb
cynorthwyo,verb
cyrhaeddodd,verb
cysidro,verb
d'wyt,verb
daethai,verb
dalie,verb
dangosais,verb
darganfod,verb
darostwng,verb
dawch,verb
dawelodd,verb
dd'wedodd,verb
ddalie,verb
ddalies,verb
ddaliodd,verb
ddaliwyd,verb
ddanfonodd,verb
ddarfod,verb
ddarostwng,verb
ddeall,verb
ddechreue,verb
ddeffro,verb
ddengys,verb
ddeuent,verb
ddianc,verb
ddiolchodd,verb
ddisgrifio,verb
ddisgyn,verb
ddont,verb
ddônt,verb
ddua,verb
ddwedais,verb
ddwedaist,verb
ddwedodd,verb
ddwedyd,verb
ddychwelyd,verb
ddyfalu,verb
ddylech,verb
ddyrnod,verb
ddysgais,verb
ddywedodd,verb
deffro,verb
deffrôdd,verb
deil,verb
deimles,verb
deithiais,verb
deuem,verb
dewi,verb
dewisodd,verb
diffodd,verb
difuddiwyd,verb
diolch,verb
dirio,verb
disgrifio,verb
doeddet,verb
dringai,verb
drio,verb
drïo,verb
drois,verb
droseddwyd,verb
drwsio,verb
dry,verb
dwedodd,verb
dychwelais,verb
dychwelasai,verb
dychwelodd,verb
dyfalu,verb
dygodd,verb
dylwn,verb
dymuno,verb
dynnodd,verb
dynodi,verb
dynu,verb
dyrchafodd,verb
dyrchafu,verb
dyrnu,verb
dysgais,verb
dywedyd,verb
edrychem,verb
eisteddai,verb
eisteddasom,verb
elai,verb
erfyniai,verb
fachludo,verb
farnu,verb
feddalu,verb
fedrem,verb
fedri,verb
feiddia,verb
feiddiwch,verb
fendithio,verb
fentrodd,verb
fesur,verb
fethodd,verb
ffarweliais,verb
ffeindies,verb
ffeintio,verb
fflamie,verb
ffônt,verb
ffraeo,verb
fotio,verb
frathu,verb
frifodd,verb
fwrw,verb
fwydo,verb
fyddan,verb
gallem,verb
gallu,verb
galwodd,verb
gam,verb
ganasom,verb
ganlyn,verb
garu,verb
gasglu,verb
gawsant,verb
gefais,verb
geilw,verb
geisiaf,verb
geisiai,verb
gellir,verb
geni,verb
gerddais,verb
gerdded,verb
glanio,verb
glywaf,verb
glywai,verb
glywir,verb
glywn,verb
glywsoch,verb
glywsom,verb
godant,verb
godro,verb
gofiaf,verb
gofid,verb
gofiodd,verb
goleuo,verb
gollyngodd,verb
gorchfygwyd,verb
gorffwyso,verb
gorfod,verb
gorfodi,verb
gosodir,verb
grafu,verb
grwydrodd,verb
gwadnu,verb
gwaethaf,verb
gwagu,verb
gwahanu,verb
gweddio,verb
gweles,verb
gwelsom,verb
gwelwyd,verb
gwnaf,verb
gwnawn,verb
gwnes,verb
gwrthod,verb
gwyna,verb
gwyro,verb
gychwyn,verb
gyffwrdd,verb
gyflymed,verb
gyhoeddi,verb
gymer,verb
gymerodd,verb
gymysgu,verb
gynhebrwng,verb
gynhesodd,verb
haddysgu,verb
hau,verb
hed,verb
hidio,verb
higien,verb
hoffai,verb
hoffech,verb
hoffwn,verb
hollti,verb
hysbysodd,verb
iselhau,verb
laeswn,verb
llechu,verb
lledu,verb
llefaru,verb
lliwio,verb
llonyddu,verb
llwyddai,verb
llwyddodd,verb
llyncu,verb
lwyddes,verb
lwyddo,verb
maddeuant,verb
mawl,verb
meddyliais,verb
meddylies,verb
meder,verb
medrai,verb
medrem,verb
medrodd,verb
medrwn,verb
meiddio,verb
mendio,verb
methai,verb
mwynhau,verb
mynnem,verb
naddu,verb
neidies,verb
neith,verb
nesaf,verb
nychu,verb
nyrsio,verb
odro,verb
ofalu,verb
ofidio,verb
ofynnodd,verb
ollyngodd,verb
orchfygu,verb
osgoi,verb
paid,verb
peri,verb
pesychu,verb
petrusai,verb
petruso,verb
pheidio,verb
phendympian,verb
phlethu,verb
plyga,verb
pregethu,verb
proffwydo,verb
pruddhau,verb
prydferthaf,verb
prynu,verb
prysurodd,verb
pwffian,verb
rhannu,verb
rhedai,verb
rhedes,verb
rhuai,verb
rhwyfai,verb
rhwygo,verb
rhwystrwyd,verb
rhydu,verb
rhynnu,verb
rifo,verb
roddasai,verb
roddid,verb
ruai,verb
ruo,verb
ruthro,verb
rwystro,verb
rydw,verb
ryfedda,verb
safe,verb
safem,verb
sathru,verb
siomwyd,verb
sisial,verb
syched,verb
sychodd,verb
syllodd,verb
symude,verb
synnwn,verb
taniodd,verb
teimlai,verb
teimlais,verb
teimlodd,verb
theimlais,verb
thorri,verb
trïo,verb
trotian,verb
tybied,verb
tydi,verb
tyfodd,verb
tynnodd,verb
tywallt,verb
unwyd,verb
warrant,verb
wasanaethu,verb
wasgodd,verb
wawdio,verb
wel,verb
welwn,verb
wena,verb
weu,verb
wincian,verb
wlychodd,verb
wnelem,verb
wrthwynebu,verb
wthio,verb
wyliant,verb
wyliem,verb
wynnu,verb
ychwanegai,verb
ydwyt,verb
ymagor,verb
ymagorodd,verb
ymdawelu,verb
ymddengys,verb
ymddwyn,verb
ymdrechai,verb
ymgomio,verb
ymgymerodd,verb
ymlwybro,verb
ymochel,verb
ymosod,verb
ymostwng,verb
ymysgwyd,verb
yrrwyd,verb
ysgrifennu,verb
ysgrifennwyd,verb
ystyried,verb
fedrwn,verb
welsoch,verb
dan,verb
teimlo,verb
dod,verb
droi,verb
erbyn,verb
roedd,verb
godi,verb
welodd,verb
ynte,verb
chwerthin,verb
gofyn,verb
ydoedd,verb
mawn,verb
methu,verb
wnaeth,verb
ddal,verb
ddwad,verb
fod,verb
chwilio,verb
cofio,verb
dydi,verb
meddai,verb
weled,verb
daw,verb
adnabu,verb
afael,verb
alaru,verb
amddiffyn,verb
anadlodd,verb
anfon,verb
arferai,verb
ateb,verb
bacio,verb
beichio,verb
boeri,verb
breuddwydio,verb
brifo,verb
bwffian,verb
caf,verb
cai,verb
carai,verb
casglu,verb
ceisiaf,verb
ceisiodd,verb
chadw,verb
chlywed,verb
chlywid,verb
chodai,verb
chofio,verb
chwery,verb
chwilies,verb
chwydder,verb
chwysu,verb
clymu,verb
coelio,verb
colli,verb
crogen,verb
crychu,verb
crynu,verb
cwympo,verb
cydsyniodd,verb
cyffwrdd,verb
daliai,verb
dalu,verb
dawelu,verb
ddaethai,verb
ddawnsio,verb
ddechreues,verb
ddeuai,verb
ddychwelodd,verb
ddymuno,verb
ddyrnu,verb
dechreuais,verb
dechreuech,verb
deimlai,verb
deimlais,verb
derbyn,verb
digio,verb
disgynnodd,verb
doeddem,verb
dwedai,verb
dwn,verb
dybiai,verb
dychmygu,verb
dychrynnu,verb
dychwelyd,verb
dyrnod,verb
dyw,verb
dywedai,verb
egyr,verb
ellwch,verb
eni,verb
enwi,verb
erio,verb
erys,verb
esbonio,verb
fasech,verb
feddyliech,verb
feddyliodd,verb
fendio,verb
fentro,verb
fflamio,verb
flino,verb
freuddwydio,verb
freuddwydiodd,verb
fuoch,verb
fuom,verb
fwrdro,verb
gaed,verb
gafael,verb
gafaelodd,verb
gaiff,verb
galchen,verb
ganai,verb
ganodd,verb
garaf,verb
gario,verb
genais,verb
ges,verb
glywes,verb
godai,verb
gofies,verb
gollwng,verb
gorchfygu,verb
grïo,verb
groesi,verb
grynu,verb
gwaedu,verb
gwelid,verb
gwelir,verb
gwened,verb
gwenodd,verb
gwn,verb
gwrid,verb
gwrido,verb
gwybod,verb
gwyd,verb
gwyddem,verb
gwyddost,verb
gwynnu,verb
gyfeirio,verb
gyhuddo,verb
gyll,verb
gyrrodd,verb
hanrhydeddu,verb
hatal,verb
hateb,verb
hebrwng,verb
hel,verb
helpu,verb
hwde,verb
lefaru,verb
lifio,verb
llawenhau,verb
lluchio,verb
llusgo,verb
magi,verb
medden,verb
mesur,verb
molchi,verb
newidiodd,verb
ngadael,verb
nghusannu,verb
ngodre,verb
ngweld,verb
ochneidiodd,verb
odre,verb
ofynnes,verb
oleuodd,verb
orwedd,verb
paentio,verb
pared,verb
parhaodd,verb
pegi,verb
perthyn,verb
rho,verb
rhoddais,verb
rhodiai,verb
rhwyfo,verb
ro,verb
roddwyd,verb
rodio,verb
roed,verb
rown,verb
rwymo,verb
siomi,verb
sonies,verb
stopiodd,verb
suai,verb
suo,verb
sylwes,verb
synnu,verb
tarddu,verb
taro,verb
teithio,verb
thaflu,verb
throdd,verb
toddi,verb
torrodd,verb
trin,verb
try,verb
tybiai,verb
tybio,verb
tyred,verb
tystio,verb
waeddodd,verb
welech,verb
welwyd,verb
wenai,verb
wnaet,verb
wneud,verb
wrido,verb
wylodd,verb
wynebu,verb
wynned,verb
ymgodi,verb
rhedeg,verb
torri,verb
roeddwn,verb
gweled,verb
roi,verb
siarad,verb
dal,verb
ydyw,verb
aeth,verb
aros,verb
mod,verb
wyt,verb
achub,verb
actio,verb
addawodd,verb
aflonyddu,verb
agorodd,verb
barnu,verb
basech,verb
breuddwydiodd,verb
brofi,verb
bugeilio,verb
chai,verb
chaiff,verb
chawn,verb
ches,verb
chlywes,verb
chodi,verb
clywais,verb
clywid,verb
codes,verb
crïo,verb
cwyno,verb
cyfarfod,verb
daflu,verb
dangosodd,verb
darfu,verb
ddallt,verb
ddarllen,verb
ddilyn,verb
ddilynodd,verb
ddisgynnodd,verb
ddringo,verb
deall,verb
deffrodd,verb
deithio,verb
diodde,verb
disgynnai,verb
dych'mygaf,verb
dychrynu,verb
dychwelai,verb
dystio,verb
dywallt,verb
gelli,verb
glywem,verb
glywodd,verb
gollen,verb
gorffen,verb
gosen,verb
grwydro,verb
gwelai,verb
gwelem,verb
gwerthu,verb
gwisgo,verb
gwnai,verb
gŵyd,verb
gwyddoch,verb
gwyddwn,verb
hedeg,verb
isio,verb
ladd,verb
lladd,verb
maent,verb
moli,verb
nyddu,verb
olchi,verb
pori,verb
prysurais,verb
rannu,verb
redes,verb
rhedodd,verb
rhoddwyd,verb
rhuthro,verb
rhwymo,verb
roedden,verb
rwbio,verb
sgryffinio,verb
stiwio,verb
sued,verb
taflodd,verb
trois,verb
uno,verb
welir,verb
wnaiff,verb
wnawn,verb
wylai,verb
ydym,verb
ydynt,verb
yfed,verb
ymweled,verb
ysgwyd,verb
ysgydwodd,verb
codi,verb
dyn,verb
fyw,verb
wyf,verb
rhoi,verb
bydd,verb
meddwl,verb
ddaw,verb
gweld,verb
fydd,verb
gneud,verb
rwy,verb
eistedd,verb
byw,verb
daeth,verb
does,verb
edrych,verb
oeddwn,verb
oes,verb
weld,verb
aiff,verb
anghofies,verb
atebodd,verb
barhau,verb
baswn,verb
benderfynu,verb
berwi,verb
blino,verb
bum,verb
cadwodd,verb
cafodd,verb
caiff,verb
canodd,verb
cawn,verb
cefais,verb
chau,verb
cilio,verb
clywir,verb
croesi,verb
cyfeirio,verb
ddois,verb
ddysgu,verb
ddywedyd,verb
disgwyl,verb
doeddwn,verb
dreuliais,verb
dwedyd,verb
dywedir,verb
dywedodd,verb
ebe,verb
edryches,verb
fagu,verb
faswn,verb
fedra,verb
fenai,verb
ffeindio,verb
fwynhau,verb
fwyta,verb
fydda,verb
fyddo,verb
fyddwn,verb
gadwaf,verb
gai,verb
gallai,verb
ganwyd,verb
gefes,verb
gewch,verb
gobeithio,verb
golchi,verb
gweithio,verb
gwelaf,verb
gwelais,verb
gweu,verb
gwichian,verb
gwneud,verb
gyrhaeddodd,verb
hela,verb
llosgi,verb
llwyddo,verb
marw,verb
nesu,verb
nôl,verb
oedden,verb
oeddynt,verb
penderfynais,verb
penderfynu,verb
priodi,verb
rhoddi,verb
rhwystro,verb
rydech,verb
siglo,verb
stopio,verb
suddo,verb
sylwi,verb
syrthio,verb
taflu,verb
talu,verb
waedd,verb
welaf,verb
welsom,verb
wnaed,verb
wnes,verb
wybod,verb
wyddem,verb
ydwyf,verb
ydych,verb
ddaeth,verb
tase,verb
arwain,verb
boed,verb
buasai,verb
buom,verb
byddwn,verb
cewch,verb
chlywsoch,verb
clywaf,verb
darllen,verb
ddowch,verb
dilyn,verb
dywedais,verb
edrychai,verb
faset,verb
feddylies,verb
ffurfio,verb
fuasai,verb
gladdu,verb
godes,verb
gododd,verb
gosod,verb
gredu,verb
guro,verb
gwasgu,verb
gwenith,verb
gwnaeth,verb
gwneuthur,verb
gyrru,verb
gysgu,verb
helpio,verb
hoffi,verb
holi,verb
methodd,verb
nawn,verb
pendympian,verb
phesychu,verb
plygu,verb
rhwbio,verb
safai,verb
sgrechian,verb
syllu,verb
tyfu,verb
ydw,verb
mae,verb
fu,verb
oedd,verb
bu,verb
adrodd,verb
allan,verb
anadlu,verb
arfer,verb
bwyta,verb
bydde,verb
chododd,verb
chwyddo,verb
claddasom,verb
crwydro,verb
cymeryd,verb
daliodd,verb
darfod,verb
ddangos,verb
ddechreuodd,verb
dderbyn,verb
deimlo,verb
fedru,verb
fethu,verb
fum,verb
gall,verb
gallaf,verb
galw,verb
ganiatau,verb
gau,verb
gellid,verb
gofynnodd,verb
guddio,verb
gymeryd,verb
gyrraedd,verb
huno,verb
llifo,verb
medd,verb
pwyso,verb
roddodd,verb
rwyt,verb
taswn,verb
wylo,verb
ymadael,verb
ymddangosai,verb
neud,verb
fynd,verb
gael,verb
addo,verb
anwylaf,verb
bloeddio,verb
cerdded,verb
chawsom,verb
clywed,verb
crynnu,verb
cymerodd,verb
digwydd,verb
dringo,verb
gaf,verb
gallwn,verb
gawsom,verb
gweiddi,verb
gwthio,verb
hongian,verb
llithro,verb
magu,verb
ryden,verb
weithio,verb
welai,verb
welwch,verb
wrando,verb
wylio,verb
all,verb
blingo,verb
canu,verb
crio,verb
cuddio,verb
curo,verb
ddyfod,verb
disgyn,verb
drychodd,verb
dysgu,verb
eisteddodd,verb
fedrai,verb
golli,verb
green,verb
gweno,verb
gwenu,verb
hono,verb
hunen,verb
newid,verb
ofyn,verb
rhodio,verb
syrthiodd,verb
wenu,verb
dwad,verb
sy,verb
sydd,verb
