Gaelaigh,verb
Laidinigh,verb
X-ghathaigh,verb
abair,verb
achainigh,verb
achair,verb
achoimrigh,verb
achomharc,verb
achtaigh,verb
achtáil,verb
aclaigh,verb
adamhaigh,verb
adhain,verb
adhair,verb
adhaltranaigh,verb
adharcáil,verb
adhfhuathaigh,verb
adhlaic,verb
adhmhill,verb
adhmhol,verb
adhnáirigh,verb
admhaigh,verb
aducht,verb
aeraigh,verb
aeráil,verb
aeriompair,verb
aeroiriúnaigh,verb
agaigh,verb
agaill,verb
agair,verb
aghloit,verb
agóid,verb
aibhligh,verb
aibhsigh,verb
aibigh,verb
aiceannaigh,verb
aicleáil,verb
aicmigh,verb
aifir,verb
aigéadaigh,verb
aighnigh,verb
aigleáil,verb
ailínigh,verb
ailléidigh,verb
ailsigh,verb
ailtéarnaigh,verb
aimpligh,verb
aimridigh,verb
aimsigh,verb
ainéal,verb
ainéistéisigh,verb
ainic,verb
ainimhigh,verb
ainligh,verb
ainmnigh,verb
air,verb
airbheartaigh,verb
aireachasaigh,verb
airg,verb
airgeadaigh,verb
airigh,verb
aisbhreathnaigh,verb
aisc,verb
aischéimnigh,verb
aischiceáil,verb
aischuir,verb
aiséiligh,verb
aiséirigh,verb
aisfhreagair,verb
aisfhuaimnigh,verb
aisghabh,verb
aisghair,verb
aisghníomhaigh,verb
aisig,verb
aisiompaigh,verb
aisíoc,verb
aisléasaigh,verb
aisléim,verb
aisling,verb
aisphreab,verb
aistarraing,verb
aistrigh,verb
aitheasc,verb
aithin,verb
aithisigh,verb
aithris,verb
allasaigh,verb
allmhairigh,verb
alp,verb
alt,verb
altaigh,verb
altramaigh,verb
amaigh,verb
amasaigh,verb
amhantraigh,verb
amharc,verb
amharcléigh,verb
amhastraigh,verb
amplaigh,verb
amúch,verb
anailísigh,verb
análaigh,verb
anbhainnigh,verb
anluchtaigh,verb
annáil,verb
anóidigh,verb
anótáil,verb
ansmachtaigh,verb
aoirigh,verb
aol,verb
aoldathaigh,verb
aom,verb
aonraigh,verb
aontaigh,verb
aor,verb
aosaigh,verb
aothaigh,verb
apáil,verb
ardaigh,verb
arg,verb
argóin,verb
armáil,verb
armónaigh,verb
asanálaigh,verb
asáitigh,verb
asbhain,verb
asbheir,verb
ascain,verb
ascalaigh,verb
aschuir,verb
aslaigh,verb
aslonnaigh,verb
astaigh,verb
asúigh,verb
ataispeáin,verb
atarlaigh,verb
atarraing,verb
atáirg,verb
atáthaigh,verb
ateilg,verb
atéigh,verb
athachtaigh,verb
athadhain,verb
athadhlaic,verb
athaicmigh,verb
athaimsigh,verb
athainmnigh,verb
athallmhairigh,verb
athaontaigh,verb
atharmáil,verb
atháitigh,verb
athbhaist,verb
athbheoigh,verb
athbhreithnigh,verb
athbhris,verb
athbhuail,verb
athbhunaigh,verb
athchas,verb
athcheangail,verb
athcheannaigh,verb
athcheap,verb
athcheartaigh,verb
athcheistigh,verb
athchlampaigh,verb
athchláraigh,verb
athchlóigh,verb
athchlúdaigh,verb
athchnag,verb
athchnuchair,verb
athchogain,verb
athchollaigh,verb
athchomhair,verb
athchomhairligh,verb
athchorpraigh,verb
athchóipeáil,verb
athchóirigh,verb
athchraol,verb
athchruaigh,verb
athchruinnigh,verb
athchruthaigh,verb
athchrúigh,verb
athchuingrigh,verb
athchuir,verb
athchum,verb
athchuntais,verb
athchúrsáil,verb
athdhathaigh,verb
athdháil,verb
athdhear,verb
athdhearbhaigh,verb
athdheilbhigh,verb
athdheimhnigh,verb
athdheisigh,verb
athdhéan,verb
athdhiailigh,verb
athdhílsigh,verb
athdhíol,verb
athdhíon,verb
athdhírigh,verb
athdhreasaigh,verb
athdhúisigh,verb
atheagraigh,verb
atheisigh,verb
athéirigh,verb
athéist,verb
athfhaghair,verb
athfheidhmigh,verb
athfheistigh,verb
athfhill,verb
athfhoilsigh,verb
athfhorbair,verb
athfhormáidigh,verb
athfhostaigh,verb
athfhócasaigh,verb
athfhuaidrigh,verb
athfhuaimnigh,verb
athghabh,verb
athghair,verb
athghéaraigh,verb
athghéill,verb
athghin,verb
athghlan,verb
athghlaoigh,verb
athghléas,verb
athghnóthaigh,verb
athghoin,verb
athghor,verb
athghreamaigh,verb
athghríosaigh,verb
athghróig,verb
athghrúpáil,verb
athghuthaigh,verb
athimir,verb
athinfheistigh,verb
athinis,verb
athiompaigh,verb
athiontráil,verb
athlas,verb
athleabaigh,verb
athleag,verb
athleasaigh,verb
athleáigh,verb
athléigh,verb
athléirigh,verb
athliostáil,verb
athlíneáil,verb
athlíon,verb
athlonnaigh,verb
athlódáil,verb
athluacháil,verb
athluaigh,verb
athluchtaigh,verb
athmhachnaigh,verb
athmhaisigh,verb
athmhaoinigh,verb
athmháistrigh,verb
athmheasc,verb
athmhorgáistigh,verb
athmhúnlaigh,verb
athmhúscail,verb
athnasc,verb
athneadaigh,verb
athneartaigh,verb
athnuaigh,verb
athoil,verb
athonnmhairigh,verb
athordaigh,verb
athoscail,verb
athphéinteáil,verb
athphlandaigh,verb
athphlandáil,verb
athphléigh,verb
athphotaigh,verb
athphós,verb
athphreab,verb
athphriontáil,verb
athphróiseáil,verb
athraigh,verb
athraon,verb
athreoigh,verb
athriar,verb
athrígh,verb
athroinn,verb
athrómhair,verb
athscag,verb
athscinn,verb
athscríobh,verb
athscrúdaigh,verb
athshamhlaigh,verb
athshaothraigh,verb
athsheachaid,verb
athshealbhaigh,verb
athsheinn,verb
athsheol,verb
athshlánaigh,verb
athshluaistrigh,verb
athshnaidhm,verb
athshocraigh,verb
athsholáthraigh,verb
athshon,verb
athshuaith,verb
athshuigh,verb
athshúigh,verb
athsmaoinigh,verb
athspreag,verb
athspréigh,verb
athstóraigh,verb
athstruchtúraigh,verb
athúsáid,verb
ationóil,verb
atit,verb
atíolaic,verb
atogh,verb
atosaigh,verb
atóg,verb
atraenáil,verb
atrácht,verb
atreabh,verb
atreoraigh,verb
atriail,verb
atvuíteáil,verb
ábhraigh,verb
áibhligh,verb
áil,verb
áilligh,verb
áirigh,verb
áirithigh,verb
áitigh,verb
áitrigh,verb
árachaigh,verb
ársaigh,verb
áscaigh,verb
babhláil,verb
babhtáil,verb
bac,verb
bacaigh,verb
bachlaigh,verb
bacsáil,verb
badráil,verb
bagair,verb
baghcatáil,verb
baiceáil,verb
baig,verb
bailc,verb
bailchríochnaigh,verb
bailigh,verb
bailíochtaigh,verb
bain,verb
bainistigh,verb
baist,verb
balbhaigh,verb
ballastaigh,verb
ballbhasc,verb
ballbhrúigh,verb
ballóidigh,verb
balsamaigh,verb
bancáil,verb
bannaigh,verb
baoiteáil,verb
barántaigh,verb
barr,verb
barrchaolaigh,verb
barrdhóigh,verb
barrfheabhsaigh,verb
barriompaigh,verb
barrleasaigh,verb
barrloisc,verb
barrscoith,verb
barúil,verb
basc,verb
baslaigh,verb
bataráil,verb
batáil,verb
batráil,verb
bácáil,verb
báigh,verb
báistigh,verb
bánaigh,verb
básaigh,verb
beachtaigh,verb
beagaigh,verb
bealaigh,verb
beangaigh,verb
beannaigh,verb
bearnaigh,verb
bearr,verb
beartaigh,verb
beathaigh,verb
beáráil,verb
beibheal,verb
beir,verb
beirigh,verb
beoghearr,verb
beoghoin,verb
beoigh,verb
beolbheachtaigh,verb
beophian,verb
béalraigh,verb
béic,verb
biathaigh,verb
biánaigh,verb
billeáil,verb
bindealaigh,verb
bior-róst,verb
bioraigh,verb
biotúmanaigh,verb
bisigh,verb
bí,verb
bíog,verb
bladair,verb
bladhair,verb
bladhm,verb
blagáil,verb
blais,verb
blaistigh,verb
blaosc,verb
blaoscrúisc,verb
blásaigh,verb
bláthaigh,verb
bláthnaigh,verb
bleaisteáil,verb
bligh,verb
blocáil,verb
blogh,verb
blosc,verb
bobáil,verb
bocáil,verb
bochtaigh,verb
bocsáil,verb
bodhair,verb
bodhraigh,verb
bog,verb
bogaigéadaigh,verb
bogh,verb
boilgearnaigh,verb
boilscigh,verb
bolaigh,verb
bolcáinigh,verb
bolg,verb
boltanaigh,verb
boltáil,verb
bombardaigh,verb
bonnaigh,verb
borbaigh,verb
bordáil,verb
borr,verb
brabhsáil,verb
bradaigh,verb
braich,verb
braigeáil,verb
braith,verb
brandáil,verb
brataigh,verb
brathchuardaigh,verb
brácáil,verb
brásáil,verb
breab,verb
breabhsaigh,verb
breac,verb
breachnaigh,verb
breathnaigh,verb
breáthaigh,verb
breisigh,verb
breithnigh,verb
breoigh,verb
breoslaigh,verb
bréadaigh,verb
bréag,verb
bréagnaigh,verb
bréan,verb
bréid,verb
bréitseáil,verb
briog,verb
brionnaigh,verb
brioscaigh,verb
bris,verb
broc,verb
broic,verb
broicéadaigh,verb
broid,verb
broim,verb
bronn,verb
brostaigh,verb
bróidnigh,verb
bróitseáil,verb
brón,verb
bruiseáil,verb
bruith,verb
bruithnigh,verb
bruíon,verb
brúcht,verb
brúidigh,verb
brúigh,verb
brúisc,verb
buac,verb
buaigh,verb
buail,verb
buain,verb
buair,verb
bualtaigh,verb
buamáil,verb
buanaigh,verb
buantonn,verb
bugáil,verb
buidéalaigh,verb
buinnigh,verb
buiséad,verb
buiséadaigh,verb
buígh,verb
buíochasaigh,verb
bumáil,verb
bunaigh,verb
burdáil,verb
burláil,verb
búáil,verb
búcláil,verb
búir,verb
bútáil,verb
cabáil,verb
cabhair,verb
cabhraigh,verb
cac,verb
cadhail,verb
caibeáil,verb
caidéalaigh,verb
caidhpeáil,verb
caidrigh,verb
caighdeánaigh,verb
cailcigh,verb
cailcínigh,verb
cailg,verb
caill,verb
cainníochtaigh,verb
caintigh,verb
caipitligh,verb
cairéalaigh,verb
cairtfhostaigh,verb
caisligh,verb
caisnigh,verb
caith,verb
caithreáil,verb
caithréimigh,verb
caithrigh,verb
caiticeasmaigh,verb
calabraigh,verb
calaigh,verb
calc,verb
calmaigh,verb
cam,verb
camhraigh,verb
campáil,verb
can,verb
canálaigh,verb
cancraigh,verb
candamaigh,verb
cannaigh,verb
canónaigh,verb
cantáil,verb
caoch,verb
caochfháithimigh,verb
caoin,verb
caoithigh,verb
caolaigh,verb
caomhnaigh,verb
car,verb
caradaigh,verb
caramalaigh,verb
carbólaigh,verb
carbónaigh,verb
carbónáitigh,verb
carbraigh,verb
carcraigh,verb
cardáil,verb
carn,verb
carnaigh,verb
cart,verb
cartlannaigh,verb
cas,verb
casaoid,verb
casarólaigh,verb
casiompaigh,verb
casmhúnlaigh,verb
castriomaigh,verb
cataitéaraigh,verb
catalaigh,verb
catalógaigh,verb
cathaigh,verb
cáblaigh,verb
cácáil,verb
cáiligh,verb
cáin,verb
cáinsigh,verb
cáith,verb
cáithigh,verb
cánáil,verb
cásáil,verb
ceadaigh,verb
ceadúnaigh,verb
cealaigh,verb
cealg,verb
ceangail,verb
ceannaigh,verb
ceannchogain,verb
ceansaigh,verb
ceantáil,verb
ceap,verb
ceardchumannaigh,verb
cearnaigh,verb
ceartaigh,verb
ceartdealaigh,verb
ceasnaigh,verb
ceibeabáil,verb
ceil,verb
ceiliúir,verb
ceirtleáil,verb
ceis,verb
ceistigh,verb
céadcheap,verb
céadfaigh,verb
céannaigh,verb
céas,verb
céaslaigh,verb
céimnigh,verb
ciallaigh,verb
ciap,verb
ciar,verb
ciceáil,verb
cigil,verb
cimigh,verb
cin,verb
cineach,verb
cinn,verb
cinnir,verb
cinntigh,verb
ciondáil,verb
cionroinn,verb
ciontaigh,verb
ciorclaigh,verb
ciorraigh,verb
cis,verb
cistigh,verb
ciúáil,verb
ciúbaigh,verb
ciúnaigh,verb
cíor,verb
cíorláil,verb
cíosaigh,verb
clab,verb
clabhtáil,verb
cladáil,verb
clag,verb
claidh,verb
clamhair,verb
clampaigh,verb
clampáil,verb
clannaigh,verb
claochlaigh,verb
claon,verb
claonmharaigh,verb
clasaigh,verb
clasánaigh,verb
cláraigh,verb
clárscátáil,verb
cleacht,verb
cleamhnaigh,verb
cleitigh,verb
cléchliceáil,verb
cliath,verb
clibeáil,verb
cliceáil,verb
climir,verb
cling,verb
clip,verb
clis,verb
clíomaigh,verb
clíth,verb
cloch,verb
clochraigh,verb
clog,verb
clois,verb
cloígh,verb
clothaigh,verb
cló-eagraigh,verb
clóbhuail,verb
clóchuir,verb
clóigh,verb
clóirínigh,verb
clónáil,verb
clóscríobh,verb
cluich,verb
cluicheáil,verb
cluimhrigh,verb
cluin,verb
clutharaigh,verb
clúdaigh,verb
clúmhill,verb
cnag,verb
cnagbheirigh,verb
cnagbhruith,verb
cnagmhaisigh,verb
cnaígh,verb
cnap,verb
cnádaigh,verb
cnámhaigh,verb
cnámhair,verb
cnámhghoin,verb
cnead,verb
cneasaigh,verb
cneáigh,verb
cniog,verb
cniogdhamhsaigh,verb
cniotáil,verb
cnuáil,verb
cnuchair,verb
cobhsaigh,verb
coc,verb
cocáil,verb
cochlaigh,verb
codail,verb
codánaigh,verb
codhnaigh,verb
cogain,verb
cogair,verb
cogairsigh,verb
coibhseanaigh,verb
coiceáil,verb
coigeartaigh,verb
coigil,verb
coigistigh,verb
coiligh,verb
coilínigh,verb
coill,verb
coilltigh,verb
coimeád,verb
coimhéad,verb
coimhthigh,verb
coimisiúnaigh,verb
coimpir,verb
coimrigh,verb
coinbhéartaigh,verb
coinbhéirsigh,verb
coincheap,verb
coincréitigh,verb
coinnealbháigh,verb
coinnigh,verb
coinscríobh,verb
coinsínigh,verb
coip,verb
coir,verb
coirb,verb
coirbéal,verb
coirigh,verb
coirneáil,verb
coirnigh,verb
coirtigh,verb
coisc,verb
coisigh,verb
coisric,verb
comardaigh,verb
comáil,verb
comhaill,verb
comhair,verb
comhairligh,verb
comhaontaigh,verb
comhardaigh,verb
comharthaigh,verb
comhathraigh,verb
comhbhailigh,verb
comhbheartaigh,verb
comhbhrúigh,verb
comhbhuail,verb
comhchaitéinigh,verb
comhcheangail,verb
comhchlaon,verb
comhchoirigh,verb
comhchraol,verb
comhchruinnigh,verb
comhchuingigh,verb
comhdaigh,verb
comhdhearbhaigh,verb
comhdhéan,verb
comhdhlúthaigh,verb
comhéignigh,verb
comhfhadaigh,verb
comhfháisc,verb
comhfhortaigh,verb
comhfhreagair,verb
comhghaolaigh,verb
comhghlasáil,verb
comhghléas,verb
comhghreamaigh,verb
comhghríosaigh,verb
comhiomlánaigh,verb
comhlánaigh,verb
comhleáigh,verb
comhlínigh,verb
comhlíon,verb
comhoibrigh,verb
comhoiriúnaigh,verb
comhordaigh,verb
comhordanáidigh,verb
comhraic,verb
comhréitigh,verb
comhrialaigh,verb
comhrianaigh,verb
comhshamhlaigh,verb
comhshínigh,verb
comhshnaidhm,verb
comhshóigh,verb
comhshuigh,verb
comhshuimigh,verb
comhthacaigh,verb
comhtharlaigh,verb
comhtharraing,verb
comhtháthaigh,verb
comhthiomsaigh,verb
comhthit,verb
comhthiúin,verb
comhthogh,verb
comóir,verb
comthaigh,verb
conáil,verb
conclúidigh,verb
conducht,verb
conlaigh,verb
connaigh,verb
conraigh,verb
consaigh,verb
conspóid,verb
construáil,verb
cor,verb
corb,verb
corcáil,verb
corcraigh,verb
cordaigh,verb
corn,verb
corónaigh,verb
corpraigh,verb
corracaigh,verb
corraigh,verb
cosain,verb
coscair,verb
coscánaigh,verb
costáil,verb
cosúlaigh,verb
cothaigh,verb
cothromaigh,verb
cócaráil,verb
códaigh,verb
cóimeáil,verb
cóimheas,verb
cóimheasc,verb
cóimhiotalaigh,verb
cóineartaigh,verb
cóipeáil,verb
cóireáil,verb
cóirigh,verb
cóitseáil,verb
cómhalartaigh,verb
cónaidhmigh,verb
cónaigh,verb
cónaisc,verb
cóstáil,verb
craiceáil,verb
craiseáil,verb
crampáil,verb
crandaigh,verb
cranraigh,verb
craobhaigh,verb
craobhscaoil,verb
craol,verb
craosfholc,verb
crap,verb
crapchlúdaigh,verb
craplaigh,verb
crág,verb
crágáil,verb
cráigh,verb
cráin,verb
cráindóigh,verb
creach,verb
crean,verb
creapaill,verb
creath,verb
creathnaigh,verb
creid,verb
creidiúnaigh,verb
creim,verb
creimneáil,verb
creimseáil,verb
cré-umhaigh,verb
créachtaigh,verb
créam,verb
criathraigh,verb
crinn,verb
criosaigh,verb
crioslaigh,verb
criostalaigh,verb
criptigh,verb
crith,verb
crithlonraigh,verb
críochaigh,verb
críochdheighil,verb
críochnaigh,verb
críon,verb
croch,verb
croinicigh,verb
croith,verb
crom,verb
cronaigh,verb
cros-síolraigh,verb
cros-toirchigh,verb
cros,verb
crosáil,verb
croscheistigh,verb
crosghrean,verb
crosphailnigh,verb
crosphostáil,verb
crosphóraigh,verb
cróiseáil,verb
crómchneasaigh,verb
crómleasaigh,verb
crónaigh,verb
cruach,verb
cruaigh,verb
cruan,verb
cruashádráil,verb
cruashreangaigh,verb
cruinnigh,verb
cruthaigh,verb
crúbáil,verb
crúcáil,verb
crúigh,verb
crúsáil,verb
crústaigh,verb
crústáil,verb
cuach,verb
cuaileáil,verb
cuailligh,verb
cuantaigh,verb
cuar,verb
cuardaigh,verb
cuasphlánáil,verb
cuibhrigh,verb
cuideachtaigh,verb
cuidigh,verb
cuileáil,verb
cuilteáil,verb
cuimhnigh,verb
cuimil,verb
cuimsigh,verb
cuingigh,verb
cuingrigh,verb
cuir,verb
cuisligh,verb
cuisnigh,verb
cum,verb
cumaisc,verb
cumasaigh,verb
cumhachtaigh,verb
cumhdaigh,verb
cumhraigh,verb
cumhsanaigh,verb
cumhscaigh,verb
cumraigh,verb
cuntais,verb
cúb,verb
cúbláil,verb
cúigleáil,verb
cúinneáil,verb
cúisigh,verb
cúitigh,verb
cúlaigh,verb
cúláil,verb
cúlcheadaigh,verb
cúlchlóigh,verb
cúlchoimhéad,verb
cúléist,verb
cúlfhair,verb
cúlghair,verb
cúlghearr,verb
cúliompaigh,verb
cúlsleamhnaigh,verb
cúlspásáil,verb
cúltort,verb
cúnaigh,verb
cúnantaigh,verb
cúngaigh,verb
cúpláil,verb
cúr,verb
cúrsaigh,verb
cúrsáil,verb
daingnigh,verb
dall,verb
dallraigh,verb
damascaigh,verb
damáistigh,verb
dambáil,verb
damhain,verb
damhnaigh,verb
damhsaigh,verb
damnaigh,verb
daoirsigh,verb
daonlathaigh,verb
daonnaigh,verb
daor,verb
daorbhasc,verb
dath,verb
dathaigh,verb
dathmhaisigh,verb
dáil,verb
dámh,verb
dánaigh,verb
dátaigh,verb
dátlínigh,verb
deachaigh,verb
deachair,verb
deachtaigh,verb
deachúlaigh,verb
dealagáidigh,verb
dealaigh,verb
dealbhaigh,verb
dealraigh,verb
deann,verb
dear,verb
dearbhaigh,verb
dearbhasc,verb
dearbháil,verb
dearc,verb
dearg,verb
dearlaic,verb
dearmad,verb
dearnáil,verb
dearóiligh,verb
dearscnaigh,verb
deasaigh,verb
deasc,verb
deaschliceáil,verb
deataigh,verb
deicrimintigh,verb
deifnídigh,verb
deifrigh,verb
deighil,verb
deil,verb
deilbhigh,verb
deimhneasc,verb
deimhnigh,verb
deisigh,verb
deoch,verb
deonaigh,verb
déabhlóidigh,verb
déadail,verb
déaduchtaigh,verb
déan,verb
déchliceáil,verb
déileáil,verb
déroinn,verb
diagaigh,verb
diagnóisigh,verb
diailigh,verb
diall,verb
diamhaslaigh,verb
diamhraigh,verb
dianaigh,verb
diancheistigh,verb
dianscaoil,verb
diansir,verb
diasraigh,verb
dibhéirsigh,verb
difreáil,verb
difrigh,verb
ding,verb
diogáil,verb
diomail,verb
diongaibh,verb
diosc,verb
dipeáil,verb
dithneasaigh,verb
diurnaigh,verb
diúg,verb
diúl,verb
diúltaigh,verb
diúraic,verb
diúscair,verb
dí-adhlaic,verb
dí-agair,verb
dí-armáil,verb
dí-eaglaisigh,verb
dí-ocsaiginigh,verb
dí-ocsaídigh,verb
dí-oighrigh,verb
dí-shainoidhrigh,verb
díbh,verb
díbharraigh,verb
díbhlogh,verb
díbholaigh,verb
díbholg,verb
díbhunaigh,verb
díbir,verb
díbligh,verb
dícharbónaigh,verb
dícháiligh,verb
dícheadaigh,verb
dícheangail,verb
dícheann,verb
dícheil,verb
díchnámhaigh,verb
díchoilltigh,verb
díchoimisiúnaigh,verb
díchoirigh,verb
díchoisric,verb
díchollaigh,verb
díchorn,verb
díchorónaigh,verb
díchódaigh,verb
díchóimeáil,verb
díchónasc,verb
díchreid,verb
díchreidiúnaigh,verb
díchriptigh,verb
díchruthaigh,verb
díchuir,verb
díchum,verb
díchumasaigh,verb
dídhaoinigh,verb
dífhabhtaigh,verb
dífhaecaigh,verb
dífháisc,verb
dífhéaraigh,verb
dífhoraoisigh,verb
dífhostaigh,verb
díghalraigh,verb
díghlasáil,verb
díghníomhaigh,verb
díghreamaigh,verb
díhiodráitigh,verb
díláithrigh,verb
díláraigh,verb
díleáigh,verb
díligh,verb
díliostaigh,verb
dílódáil,verb
dílsigh,verb
díluacháil,verb
díluchtaigh,verb
dímhaighnéadaigh,verb
dímhignigh,verb
dímhíleataigh,verb
dímhol,verb
dímhonaigh,verb
dínasc,verb
dínádúraigh,verb
dínáisiúnaigh,verb
díneartaigh,verb
dínítriginigh,verb
díobh,verb
díobháil,verb
díochlaon,verb
díoghail,verb
díol,verb
díolaim,verb
díolmhaigh,verb
díolmhainigh,verb
díon,verb
díorthaigh,verb
díosc,verb
díoscarnaigh,verb
díospóid,verb
díotáil,verb
díotchúisigh,verb
díothaigh,verb
díphacáil,verb
díphéistigh,verb
díphlugáil,verb
dípholaraigh,verb
díraon,verb
dírátaigh,verb
díreoigh,verb
díréitigh,verb
dírialaigh,verb
dírigh,verb
díroghnaigh,verb
díscaoil,verb
díscigh,verb
díscoir,verb
díscriúáil,verb
díscríobh,verb
díshamhlaigh,verb
díshealbhaigh,verb
díshioc,verb
díshlóg,verb
díshraith,verb
díshrian,verb
díshuaith,verb
díshuiteáil,verb
dísigh,verb
díslemhúnlaigh,verb
dísletheilg,verb
dísligh,verb
díspeag,verb
díthiomsaigh,verb
díthochrais,verb
díthocsainigh,verb
díthruailligh,verb
dlaoithigh,verb
dligh,verb
dlisteanaigh,verb
dluigh,verb
dlúthaigh,verb
dlúthbhearr,verb
dochraigh,verb
docht,verb
doicheallaigh,verb
doiciméadaigh,verb
doilbh,verb
doiléirigh,verb
doimhnigh,verb
doir,verb
doirt,verb
dol,verb
domhainfhrioch,verb
domhandaigh,verb
domheanmnaigh,verb
donaigh,verb
donnaigh,verb
dorchaigh,verb
dord,verb
dornáil,verb
dóibeáil,verb
dóigh,verb
dópáil,verb
draenáil,verb
dramhail,verb
drann,verb
drantaigh,verb
draoibeáil,verb
drámaigh,verb
dreach,verb
dreap,verb
dreasaigh,verb
dreideáil,verb
dreoigh,verb
dréachtaigh,verb
dréim,verb
driog,verb
drithligh,verb
droimscríobh,verb
dromadáil,verb
drugáil,verb
druid,verb
druileáil,verb
duaithnigh,verb
dual,verb
dubáil,verb
dubhaigh,verb
duilligh,verb
dumpáil,verb
durdáil,verb
dustáil,verb
dúbail,verb
dúbláil,verb
dúisigh,verb
dúlaigh,verb
dúloisc,verb
dúmhál,verb
dún,verb
dúnmharaigh,verb
dúshaothraigh,verb
eachtraigh,verb
eadarbhuasaigh,verb
eadóirsigh,verb
eadránaigh,verb
eagair,verb
eaglaigh,verb
eagnaigh,verb
eagraigh,verb
eamhnaigh,verb
eangaigh,verb
earb,verb
earcaigh,verb
earrachaigh,verb
easanálaigh,verb
easaontaigh,verb
easáitigh,verb
easbhrúigh,verb
eascainigh,verb
eascair,verb
eascoiteannaigh,verb
easlánaigh,verb
easmail,verb
easonóraigh,verb
easpórtáil,verb
easraigh,verb
eastósc,verb
eibligh,verb
eilléanaigh,verb
eis,verb
eisc,verb
eiscrigh,verb
eiscríobh,verb
eiseachaid,verb
eiseamláirigh,verb
eiséat,verb
eisfhear,verb
eisiacht,verb
eisiaigh,verb
eisigh,verb
eisil,verb
eisleath,verb
eislig,verb
eispéirigh,verb
eisreachtaigh,verb
eisréidh,verb
eisréimnigh,verb
eistearaigh,verb
eistréat,verb
eitigh,verb
eitil,verb
eitrigh,verb
eitseáil,verb
eochraigh,verb
éabhlóidigh,verb
éadaigh,verb
éadlúthaigh,verb
éadromaigh,verb
éaduchtaigh,verb
éag,verb
éagaoin,verb
éagnaigh,verb
éagothromaigh,verb
éagóirigh,verb
éagsúlaigh,verb
éagumasaigh,verb
éalaigh,verb
éar,verb
éascaigh,verb
éidigh,verb
éigh,verb
éigiontaigh,verb
éignigh,verb
éiligh,verb
éilligh,verb
éimigh,verb
éinirtigh,verb
éirigh,verb
éirnigh,verb
éist,verb
fabhraigh,verb
fachtóirigh,verb
facsáil,verb
fadaigh,verb
fadhbh,verb
faghair,verb
faichill,verb
faigh,verb
failligh,verb
failp,verb
fair,verb
fairsingigh,verb
faisnéis,verb
fallaingigh,verb
falsaigh,verb
fan,verb
fannaigh,verb
faobhraigh,verb
faoileáil,verb
faoisc,verb
faomh,verb
faon,verb
fág,verb
fáiltigh,verb
fáinnigh,verb
fáir,verb
fáisc,verb
fáistinigh,verb
fálaigh,verb
fánaigh,verb
fás,verb
fásaigh,verb
fásáil,verb
fáthmheas,verb
feabhsaigh,verb
feac,verb
feagánaigh,verb
feall,verb
feallmharaigh,verb
feamnaigh,verb
feann,verb
fear,verb
fearastaigh,verb
feargaigh,verb
feáigh,verb
feic,verb
feidhligh,verb
feidhmigh,verb
feighil,verb
feil,verb
feiltigh,verb
feir,verb
feistigh,verb
feith,verb
feochraigh,verb
feoigh,verb
féach,verb
féad,verb
féastaigh,verb
féichiúnaigh,verb
féinphailnigh,verb
féithigh,verb
fiach,verb
fiafraigh,verb
fialaigh,verb
fianaigh,verb
fiar,verb
ficseanaigh,verb
figh,verb
fill,verb
filléadaigh,verb
fionn,verb
fionnachtain,verb
fionnuaraigh,verb
fionraigh,verb
fiosaigh,verb
fiosraigh,verb
fithisigh,verb
fiuch,verb
fíneáil,verb
fínigh,verb
fíoraigh,verb
fíordheimhnigh,verb
fírinnigh,verb
fleadhaigh,verb
fliuch,verb
flípeáil,verb
flosc,verb
fluairídigh,verb
flúirsigh,verb
fo-eagraigh,verb
fo-ghlac,verb
fo-ordaigh,verb
fo-rangaigh,verb
focáil,verb
fodháil,verb
fofhostaigh,verb
foghlaigh,verb
foghlaim,verb
foghraigh,verb
foighnigh,verb
foilseán,verb
foilsigh,verb
foinsigh,verb
foirb,verb
foirceann,verb
foirfigh,verb
foirgnigh,verb
foirmigh,verb
foirnigh,verb
foithnigh,verb
fol,verb
folaigh,verb
folc,verb
folean,verb
folig,verb
folínigh,verb
folíon,verb
follúnaigh,verb
folmhaigh,verb
foloisc,verb
folúsghlan,verb
fonsaigh,verb
forasaigh,verb
foráil,verb
forbair,verb
forbheirigh,verb
forcáil,verb
forchéimnigh,verb
forchlóigh,verb
forchneasaigh,verb
forchoimeád,verb
forchoimhéad,verb
forchuimil,verb
forchuir,verb
fordhearbhaigh,verb
fordhearg,verb
fordhing,verb
fordhóigh,verb
fordhubhaigh,verb
foréignigh,verb
foréiligh,verb
forfheidhmigh,verb
forfhill,verb
forfhuaraigh,verb
forghabh,verb
forghair,verb
forghéill,verb
forghníomhaigh,verb
forghoin,verb
forghrádaigh,verb
foriaigh,verb
forlámhaigh,verb
forleag,verb
forleath,verb
forleathnaigh,verb
forléas,verb
forléirigh,verb
forlíon,verb
forloisc,verb
forluigh,verb
formheas,verb
formhéadaigh,verb
formhol,verb
formhuinigh,verb
formhúch,verb
foroinn,verb
forordaigh,verb
forógair,verb
forscaoil,verb
forsceith,verb
forshuigh,verb
fortaigh,verb
forthacht,verb
forthairg,verb
forthéigh,verb
foruaisligh,verb
forualaigh,verb
fosaigh,verb
foscain,verb
foscríobh,verb
fostaigh,verb
fothaigh,verb
fothainigh,verb
fotheidealaigh,verb
fothraig,verb
fóbair,verb
fócasaigh,verb
fócht,verb
fódaigh,verb
fógair,verb
fóin,verb
fóir,verb
fóirdheonaigh,verb
fóirigh,verb
fómhais,verb
fónáil,verb
fórsáil,verb
fótaisintéisigh,verb
fracáil,verb
frainceáil,verb
frainseáil,verb
frapáil,verb
frasaigh,verb
frámaigh,verb
freagair,verb
freang,verb
freasaigh,verb
freaschuir,verb
freastail,verb
fréamhaigh,verb
frioch,verb
friotaigh,verb
friotháil,verb
frisnéis,verb
fritháirigh,verb
frithbheartaigh,verb
frithbhuail,verb
frithchaith,verb
frithéiligh,verb
frithgheall,verb
frithghníomhaigh,verb
frithingigh,verb
frithionsaigh,verb
frithmháirseáil,verb
frithráigh,verb
frithsheiptigh,verb
frithsheol,verb
frithshuigh,verb
frithspréigh,verb
fruiligh,verb
fuadaigh,verb
fuaidrigh,verb
fuaigh,verb
fuaimnigh,verb
fuaraigh,verb
fuascail,verb
fuathaigh,verb
fuighill,verb
fuiligh,verb
fuill,verb
fuin,verb
fuinnmhigh,verb
fuipeáil,verb
fuirigh,verb
fuirsigh,verb
fulaing,verb
gabh,verb
gabhlaigh,verb
gad,verb
gaibhnigh,verb
gaineamhrois,verb
gainnigh,verb
gair,verb
gairdigh,verb
gairidigh,verb
gairnisigh,verb
gais,verb
gaistigh,verb
galaigh,verb
galbhánaigh,verb
galbhruith,verb
galldaigh,verb
gallúnaigh,verb
galraigh,verb
galstobh,verb
gannaigh,verb
gaothraigh,verb
garbhaigh,verb
garbhshnoigh,verb
garbhtheilg,verb
gardáil,verb
gargaigh,verb
gargraisigh,verb
gathaigh,verb
gág,verb
gáinneáil,verb
gáir,verb
gásaigh,verb
geab,verb
geafáil,verb
geal-leasaigh,verb
geal,verb
geall,verb
geallearb,verb
geamhaigh,verb
geamhraigh,verb
gearán,verb
gearr,verb
gearrchiorcad,verb
geil,verb
geimhligh,verb
geimhrigh,verb
geit,verb
geoidligh,verb
géagaigh,verb
géaraigh,verb
géill,verb
géim,verb
géis,verb
gibir,verb
gigeáil,verb
gin,verb
ginidigh,verb
giob,verb
giolc,verb
giollaigh,verb
giorraigh,verb
giortaigh,verb
giortáil,verb
giosáil,verb
giotaigh,verb
giúmaráil,verb
gíog,verb
glac,verb
glaeigh,verb
glam,verb
glan,verb
glaoigh,verb
glasaigh,verb
glasáil,verb
glám,verb
glámh,verb
gleadhair,verb
glean,verb
gleois,verb
gléas,verb
gléasaistrigh,verb
gléghlan,verb
glicrínigh,verb
gligleáil,verb
glinneáil,verb
glinnigh,verb
gliogáil,verb
gliúáil,verb
gliúmáil,verb
gloinigh,verb
glóirigh,verb
glónraigh,verb
glóraigh,verb
glórmharaigh,verb
glóthaigh,verb
gluais,verb
gluaisrothaigh,verb
glúinigh,verb
gnáthaigh,verb
gnéasaithin,verb
gnéithigh,verb
gníomhachtaigh,verb
gníomhaigh,verb
gnóthaigh,verb
gob,verb
gogail,verb
goid,verb
goil,verb
goiligh,verb
goill,verb
goin,verb
goirtigh,verb
gor,verb
gormaigh,verb
gortaigh,verb
gortghlan,verb
gotháil,verb
góchum,verb
gófráil,verb
grabáil,verb
graf,verb
graifnigh,verb
grábháil,verb
grádaigh,verb
gráigh,verb
gráinigh,verb
gráinnigh,verb
gráinseáil,verb
gránaigh,verb
grátáil,verb
gread,verb
greagnaigh,verb
greamaigh,verb
grean,verb
greanáil,verb
greannaigh,verb
greanrois,verb
greasáil,verb
gréasaigh,verb
gréisc,verb
grian,verb
grianraigh,verb
grinnbhreathnaigh,verb
grinndearc,verb
grinneall,verb
grinnigh,verb
grinnscrúdaigh,verb
griog,verb
grioll,verb
griotháil,verb
gríosaigh,verb
gríosc,verb
grod,verb
grodloisc,verb
gróig,verb
gruamaigh,verb
grúdaigh,verb
grúmáil,verb
grúntáil,verb
grúpáil,verb
grútáil,verb
guailleáil,verb
guairigh,verb
gualaigh,verb
guigh,verb
guilbnigh,verb
guilmnigh,verb
gumaigh,verb
guthaigh,verb
gúistigh,verb
haiceáil,verb
hibridigh,verb
hidrealaigh,verb
hidriginigh,verb
hipearanálaigh,verb
hipearnasc,verb
húcáil,verb
húvaráil,verb
iacht,verb
iadaigh,verb
iadáitigh,verb
iaigh,verb
ianaigh,verb
iarchuir,verb
iardhátaigh,verb
iarnaigh,verb
iarnáil,verb
iarr,verb
iasc,verb
ibh,verb
idéalaigh,verb
idir-roinn,verb
idircheap,verb
idircheart,verb
idirchuir,verb
idirdhealaigh,verb
idirdhuilligh,verb
idirfhigh,verb
idirghabh,verb
idirghearr,verb
idirghníomhaigh,verb
idirláimhsigh,verb
idirleath,verb
idirlínigh,verb
idirmhalartaigh,verb
idirscar,verb
idirscoir,verb
idirshuigh,verb
idriginigh,verb
ilchóipeáil,verb
imaistrigh,verb
imchas,verb
imchéimnigh,verb
imchlóigh,verb
imchlúdaigh,verb
imchosain,verb
imchroith,verb
imdháil,verb
imdheaghail,verb
imdhealaigh,verb
imdhearg,verb
imdheighil,verb
imdhíon,verb
imdhruid,verb
imeaglaigh,verb
imeallaigh,verb
imeasc,verb
imfhálaigh,verb
imghabh,verb
imghlan,verb
imigh,verb
imir,verb
imirc,verb
imlínigh,verb
imloisc,verb
imlonnaigh,verb
imoibrigh,verb
imphléasc,verb
impigh,verb
impleachtaigh,verb
imréitigh,verb
imrothlaigh,verb
imscaoil,verb
imscar,verb
imscríobh,verb
imscrúdaigh,verb
imshocraigh,verb
imshruthaigh,verb
imshuigh,verb
imthairg,verb
imtharraing,verb
imtheorannaigh,verb
imthnúth,verb
imthreascair,verb
inbhéartaigh,verb
inchreach,verb
indibhidigh,verb
ineirgigh,verb
infeirigh,verb
infheistigh,verb
infhill,verb
inghreim,verb
ingnigh,verb
iniaigh,verb
inigh,verb
inis,verb
iniúch,verb
inísligh,verb
inleag,verb
inmheánaigh,verb
inneallfhuaigh,verb
inneallghrean,verb
innéacsaigh,verb
innill,verb
inniúlaigh,verb
inphléasc,verb
inréimnigh,verb
insamhail,verb
inscríobh,verb
insealbhaigh,verb
inseamhnaigh,verb
insil,verb
insíothlaigh,verb
insligh,verb
insteall,verb
insuigh,verb
iodálaigh,verb
iodráitigh,verb
iolraigh,verb
iomadaigh,verb
iomair,verb
iomalartaigh,verb
iomardaigh,verb
iomáin,verb
iombháigh,verb
iomdhaigh,verb
iomlaisc,verb
iomlaoidigh,verb
iomlánaigh,verb
iomluaigh,verb
iompaigh,verb
iompair,verb
iompórtáil,verb
iomráidh,verb
ion-análaigh,verb
ionaclaigh,verb
ionadaigh,verb
ionanálaigh,verb
ionannaigh,verb
ionchlannaigh,verb
ionchoirigh,verb
ionchollaigh,verb
ionchorpraigh,verb
ionchódaigh,verb
ionchuir,verb
ionchúisigh,verb
ionduchtaigh,verb
ionfhabhtaigh,verb
ionghabh,verb
ionghair,verb
ionnail,verb
ionnarb,verb
ionphlandaigh,verb
ionradaigh,verb
ionramháil,verb
ionsaigh,verb
ionsáigh,verb
ionsoilsigh,verb
ionsorchaigh,verb
ionstraimigh,verb
ionsuigh,verb
ionsúigh,verb
iontaisigh,verb
iontonaigh,verb
iontráil,verb
iopnóisigh,verb
irisigh,verb
ith,verb
ídigh,verb
íleáil,verb
íligh,verb
íobair,verb
íoc,verb
íocleasaigh,verb
íograigh,verb
íonaigh,verb
íonghlan,verb
íoschéimnigh,verb
íosghrádaigh,verb
íoslódáil,verb
íosnasc,verb
íospair,verb
ísligh,verb
jeaimeáil,verb
jeidhbeáil,verb
labáil,verb
labhair,verb
lagaigh,verb
laghdaigh,verb
laicearaigh,verb
lainseáil,verb
lamháil,verb
lannaigh,verb
lansaigh,verb
laobh,verb
laoidh,verb
las,verb
lasc,verb
lascainigh,verb
lastáil,verb
ládáil,verb
láib,verb
láidrigh,verb
láigh,verb
láimhseáil,verb
láimhsigh,verb
láist,verb
láithrigh,verb
lámhacán,verb
lámhach,verb
lámhaigh,verb
lámhchniotáil,verb
lámhfhuaigh,verb
lámhscaoil,verb
lánaigh,verb
lándorchaigh,verb
lánpháirtigh,verb
lánscoir,verb
lánseiceáil,verb
láraigh,verb
lásáil,verb
leabaigh,verb
leabharmharcáil,verb
leabhlaigh,verb
leabhraigh,verb
leacaigh,verb
leachtaigh,verb
leadair,verb
leadhb,verb
leadhbair,verb
leadráil,verb
leag,verb
leaindeáil,verb
leamh,verb
leamhsháinnigh,verb
lean,verb
leang,verb
leasaigh,verb
leaschraol,verb
leath,verb
leathnaigh,verb
leáigh,verb
leibhéal,verb
leictreachlóigh,verb
leictrealaigh,verb
leictreaphlátáil,verb
leictrigh,verb
leigheas,verb
leithdháil,verb
leitheadaigh,verb
leithghabh,verb
leithlisigh,verb
leithreasaigh,verb
leithroinn,verb
leithscar,verb
leoidh,verb
leomh,verb
leon,verb
léarscáiligh,verb
léas,verb
léasaigh,verb
léibheannaigh,verb
léigh,verb
léim,verb
léirbhreithnigh,verb
léirchruthaigh,verb
léirghlan,verb
léirghoin,verb
léirigh,verb
léirmhínigh,verb
léirscrios,verb
léirscríobh,verb
léirsigh,verb
léirsmaoinigh,verb
liath,verb
lig,verb
ligh,verb
lignigh,verb
ling,verb
linseáil,verb
liobair,verb
liostaigh,verb
liostáil,verb
lipéadaigh,verb
liteagraf,verb
litrigh,verb
liúdráil,verb
liúigh,verb
liúr,verb
líneáil,verb
línigh,verb
líomh,verb
líomhain,verb
líon,verb
líonraigh,verb
líontánaigh,verb
lísigh,verb
lobh,verb
loc,verb
locair,verb
locáil,verb
lochair,verb
lochtaigh,verb
lodair,verb
logáil,verb
logh,verb
loic,verb
loighcigh,verb
loingsigh,verb
loisc,verb
loit,verb
lom,verb
lomair,verb
lomlíon,verb
long,verb
lonnaigh,verb
lonraigh,verb
lorg,verb
lódáil,verb
lóg,verb
lóisteáil,verb
lónaigh,verb
luacháil,verb
luachmhéadaigh,verb
luaidh,verb
luaigh,verb
luainigh,verb
luaithrigh,verb
luasc,verb
luascáil,verb
luasdiailigh,verb
luasghéaraigh,verb
luasmhoilligh,verb
luathaigh,verb
luathbhruith,verb
luchtaigh,verb
lufáil,verb
luigh,verb
luisnigh,verb
lúb,verb
lúbáil,verb
lúcháirigh,verb
lútáil,verb
macadamaigh,verb
macallaigh,verb
macasamhlaigh,verb
machnaigh,verb
macht,verb
maidhm,verb
maighnéadaigh,verb
mainnigh,verb
mair,verb
maircigh,verb
maisigh,verb
maistrigh,verb
maith,verb
maígh,verb
malartaigh,verb
malgamaigh,verb
mallaigh,verb
mantaigh,verb
maoinigh,verb
maoirsigh,verb
maolaigh,verb
maolánaigh,verb
maoscail,verb
maothaigh,verb
maothlaigh,verb
mapáil,verb
maraigh,verb
maranáidigh,verb
marbhsháinnigh,verb
marcaigh,verb
marcáil,verb
margaigh,verb
margáil,verb
marlaigh,verb
marmaraigh,verb
martraigh,verb
masc,verb
maslaigh,verb
máchailigh,verb
máirseáil,verb
máistrigh,verb
máithrigh,verb
mámáil,verb
meabhlaigh,verb
meabhraigh,verb
meadráil,verb
meaisínigh,verb
meaitseáil,verb
meall,verb
meallac,verb
meang,verb
meanmnaigh,verb
mearaigh,verb
meardhiailigh,verb
mearsheachaid,verb
meas,verb
measc,verb
measraigh,verb
measúnaigh,verb
meath,verb
meathlaigh,verb
meáigh,verb
meánaigh,verb
meánchoimrigh,verb
meicnigh,verb
meidhrigh,verb
meil,verb
meirbhligh,verb
meirdrigh,verb
meirgigh,verb
meirsirigh,verb
meirtnigh,verb
meiteamorfaigh,verb
meitibiligh,verb
meitiligh,verb
méadaigh,verb
méadraigh,verb
méalaigh,verb
méaraigh,verb
méarchláraigh,verb
méathaigh,verb
miadhaigh,verb
mianaigh,verb
mianraigh,verb
mianrill,verb
micreabhainistigh,verb
mill,verb
milleánaigh,verb
milsigh,verb
mineastráil,verb
minicigh,verb
mionaigh,verb
mionathraigh,verb
mionbhreac,verb
mionbhrúigh,verb
mioncheistigh,verb
mionchoigeartaigh,verb
miondealaigh,verb
miondíol,verb
mionghearr,verb
miongraigh,verb
mionleasaigh,verb
mionnaigh,verb
mionroinn,verb
mionsaothraigh,verb
mionscag,verb
mionscrúdaigh,verb
mionteagasc,verb
miotaigh,verb
miotalaigh,verb
misnigh,verb
mí-iompair,verb
míchomhairligh,verb
míchóirigh,verb
míchumasaigh,verb
mídhílsigh,verb
mífhuaimnigh,verb
mílitrigh,verb
mím,verb
mímheas,verb
mímhisnigh,verb
mímhínigh,verb
mímhol,verb
mínchaolaigh,verb
mínghlan,verb
mínigh,verb
mínmheil,verb
míntírigh,verb
míog,verb
míostraigh,verb
mírialaigh,verb
míriar,verb
mírigh,verb
míshásaigh,verb
mísheol,verb
mítéararaigh,verb
míthreoraigh,verb
modhnaigh,verb
modraigh,verb
mogallaigh,verb
moilligh,verb
moirigh,verb
moirtísigh,verb
moirtnigh,verb
mol,verb
monaplaigh,verb
monaraigh,verb
morg,verb
morgáistigh,verb
mothaigh,verb
mothallaigh,verb
móidigh,verb
mór,verb
mótaraigh,verb
mudh,verb
mugáil,verb
muilleáil,verb
muinigh,verb
muinnigh,verb
muirearaigh,verb
muirligh,verb
muirnigh,verb
mumaigh,verb
mungail,verb
múch,verb
múchghlan,verb
múin,verb
múirínigh,verb
múitseáil,verb
mún,verb
múnlaigh,verb
múr,verb
múráil,verb
múscail,verb
naomhaigh,verb
naomhainmnigh,verb
nasc,verb
nasclean,verb
náirigh,verb
náisiúnaigh,verb
neadaigh,verb
neamhbhailigh,verb
neamhcheangail,verb
neamhchothromaigh,verb
neamhnigh,verb
neartaigh,verb
neasaigh,verb
neodraigh,verb
néalaigh,verb
niamh,verb
niamhghlan,verb
niciligh,verb
nicilphlátáil,verb
nigh,verb
nimhigh,verb
nocht,verb
nog,verb
nódaigh,verb
nótáil,verb
nuachóirigh,verb
núiceáil,verb
núicléataigh,verb
ob,verb
oclúidigh,verb
ocsaiginigh,verb
ocsaídigh,verb
odhraigh,verb
ofráil,verb
oibrigh,verb
oideasaigh,verb
oidhrigh,verb
oighrigh,verb
oil,verb
oir,verb
oirircigh,verb
oiris,verb
oiriúnaigh,verb
oirmhinnigh,verb
oirnéal,verb
oirnigh,verb
olaigh,verb
ollaigh,verb
olltáirg,verb
onnmhairigh,verb
onóraigh,verb
optamaigh,verb
orchraigh,verb
ordaigh,verb
orlaigh,verb
ornaigh,verb
ornáidigh,verb
oscail,verb
osnaigh,verb
othrasaigh,verb
ócáidigh,verb
ócraigh,verb
ól,verb
óraigh,verb
órphlátáil,verb
óstáil,verb
ózónaigh,verb
pacáil,verb
pacáistigh,verb
pailnigh,verb
painéal,verb
paisteáil,verb
paistéar,verb
paitinnigh,verb
palataigh,verb
pannáil,verb
paraisiútáil,verb
parsáil,verb
pasáil,verb
pábháil,verb
páirceáil,verb
páirtigh,verb
páisigh,verb
pánáil,verb
páráil,verb
peacaigh,verb
peanáil,verb
pearsanaigh,verb
pearsantaigh,verb
péac,verb
péinteáil,verb
péireáil,verb
péirseáil,verb
pian,verb
piardáil,verb
piarmheasúnaigh,verb
pic,verb
picéadaigh,verb
picil,verb
pincigh,verb
pinseáil,verb
pioc,verb
pionnáil,verb
pionósaigh,verb
pitseáil,verb
píceáil,verb
píob,verb
píobaigh,verb
píolótaigh,verb
píopáil,verb
píoráidigh,verb
píosáil,verb
plab,verb
plac,verb
planc,verb
plancghaibhnigh,verb
plandaigh,verb
plandáil,verb
platanaigh,verb
pláigh,verb
plánáil,verb
plástráil,verb
plátáil,verb
pleanáil,verb
pléadáil,verb
pléasc,verb
pléatáil,verb
pléigh,verb
plódaigh,verb
pluc,verb
plucáil,verb
plugáil,verb
plúch,verb
plúraigh,verb
pobalaigh,verb
pocáil,verb
pocléim,verb
podchraol,verb
podsalaigh,verb
poibligh,verb
pointeáil,verb
poit,verb
polaiméirigh,verb
polaraigh,verb
poll,verb
pollaraigh,verb
poncaigh,verb
poncloisc,verb
popáil,verb
portaigh,verb
postaigh,verb
postaláidigh,verb
postáil,verb
postmharcáil,verb
potbhiathaigh,verb
póg,verb
póilínigh,verb
póirseáil,verb
póraigh,verb
pós,verb
praghsáil,verb
pramsáil,verb
prapáil,verb
práib,verb
prásáil,verb
preab,verb
preabthosaigh,verb
preasáil,verb
préach,verb
prioc,verb
priontáil,verb
priosláil,verb
prímeáil,verb
príomhshruthaigh,verb
príosúnaigh,verb
probháidigh,verb
profaigh,verb
profáil,verb
promh,verb
próifíligh,verb
próiseáil,verb
próisigh,verb
prólaiféaraigh,verb
prúnáil,verb
puinseáil,verb
pulc,verb
pumpáil,verb
pupaigh,verb
purgaigh,verb
purparaigh,verb
púdraigh,verb
púdráil,verb
púitseáil,verb
rabhláil,verb
racáil,verb
rad,verb
radagraf,verb
radaigh,verb
raiceáil,verb
raifleáil,verb
ramhraigh,verb
randamaigh,verb
rangaigh,verb
rannpháirtigh,verb
ransaigh,verb
raonáil,verb
rapáil,verb
raspáil,verb
rathaigh,verb
rácáil,verb
rádalaigh,verb
rádlaigh,verb
ráibeáil,verb
ráinigh,verb
rámhaigh,verb
rásáil,verb
rátáil,verb
ráthaigh,verb
reachtaigh,verb
reáchtáil,verb
reibheáil,verb
reic,verb
reith,verb
reoánaigh,verb
reoigh,verb
réab,verb
réadaigh,verb
réadtiomnaigh,verb
réal,verb
réamhaithris,verb
réamhbheartaigh,verb
réamhcheap,verb
réamhchinn,verb
réamhchinntigh,verb
réamhdhátaigh,verb
réamhdhéan,verb
réamhfhíoraigh,verb
réamhghabh,verb
réamhghiorraigh,verb
réamhinis,verb
réamhíoc,verb
réamhleag,verb
réamhordaigh,verb
réamhshocraigh,verb
réamhthaifead,verb
réamhtheilg,verb
réasúnaigh,verb
réchas,verb
réigh,verb
réimnigh,verb
réitigh,verb
réscaip,verb
riagh,verb
rialaigh,verb
riall,verb
rianaigh,verb
riar,verb
riastáil,verb
rib,verb
rigeáil,verb
righ,verb
righnigh,verb
rill,verb
rinc,verb
rindreáil,verb
rinseáil,verb
riochtaigh,verb
rionn,verb
rith,verb
rígh,verb
ríomh,verb
ríomhairigh,verb
ríonaigh,verb
robáil,verb
roc,verb
rod,verb
roghnaigh,verb
roinn,verb
rois,verb
roisínigh,verb
roll,verb
rollaigh,verb
rolláil,verb
rop,verb
rothaigh,verb
rothlaigh,verb
róbáil,verb
ródáil,verb
ródtástáil,verb
róghearr,verb
rólódáil,verb
róluchtaigh,verb
rómhair,verb
rópáil,verb
róshealbhaigh,verb
róst,verb
rótheilg,verb
róthéigh,verb
ruadhóigh,verb
ruaig,verb
ruaigh,verb
ruaimnigh,verb
rualoisc,verb
rubaraigh,verb
rucáil,verb
ruithnigh,verb
rúisc,verb
rúnscríobh,verb
rútáil,verb
sac,verb
sacáil,verb
sadhlasaigh,verb
saibhrigh,verb
saibhseáil,verb
saigh,verb
saighid,verb
saighneáil,verb
saill,verb
sainaithin,verb
saincheadaigh,verb
saincheadúnaigh,verb
sainchiallaigh,verb
sainigh,verb
sainmhínigh,verb
sainoidhrigh,verb
salaigh,verb
samhailchomharthaigh,verb
samhaltaigh,verb
samhlaigh,verb
samhraigh,verb
sampláil,verb
sann,verb
santaigh,verb
saobh,verb
saoirsigh,verb
saolaigh,verb
saor,verb
saorghlan,verb
saorthit,verb
saothraigh,verb
satail,verb
sábh,verb
sábháil,verb
sádráil,verb
sáigh,verb
sáimhrigh,verb
sáinnigh,verb
sáirsingigh,verb
sáithigh,verb
sálaigh,verb
sámhaigh,verb
sáraigh,verb
sársháithigh,verb
sárthadhaill,verb
sásaigh,verb
scabhtáil,verb
scag,verb
scagdhealaigh,verb
scagthástáil,verb
scaip,verb
scaird,verb
scairdsciáil,verb
scairt,verb
scal,verb
scall,verb
scamallaigh,verb
scamh,verb
scan,verb
scannalaigh,verb
scannánaigh,verb
scanraigh,verb
scansáil,verb
scaob,verb
scaoil,verb
scaollcheannaigh,verb
scar,verb
scarbháil,verb
scarshiúntaigh,verb
scartáil,verb
scáin,verb
scálaigh,verb
scátáil,verb
scáthaigh,verb
scáthcheil,verb
scáthlínigh,verb
scead,verb
scealp,verb
sceamh,verb
scean,verb
sceathraigh,verb
sceidealaigh,verb
sceimhligh,verb
sceith,verb
sceitseáil,verb
sceoigh,verb
scéalaigh,verb
sciamhaigh,verb
sciath,verb
sciáil,verb
scil,verb
scillig,verb
scimeáil,verb
scimpeáil,verb
scinceáil,verb
scinn,verb
sciob,verb
scioll,verb
sciomair,verb
sciorr,verb
sciortáil,verb
sciot,verb
scipeáil,verb
scirmisigh,verb
sciurd,verb
sciúch,verb
sciúr,verb
sciúrsáil,verb
scíthigh,verb
sclamh,verb
sclár,verb
sclog,verb
scobail,verb
scoilt,verb
scoir,verb
scoith,verb
scol,verb
scolbáil,verb
scon,verb
scor,verb
scoráil,verb
scoth-thriomaigh,verb
scothroghnaigh,verb
scóig,verb
scól,verb
scóráil,verb
scótráil,verb
scrabh,verb
scraith,verb
scrapáil,verb
scrábáil,verb
scread,verb
screamhaigh,verb
screamhchruaigh,verb
scréach,verb
scriobláil,verb
scrios,verb
scriosdóigh,verb
scriúáil,verb
scríob,verb
scríobh,verb
scrobh,verb
scrúd,verb
scrúdaigh,verb
scuab,verb
scuch,verb
scuitseáil,verb
seachaid,verb
seachain,verb
seachránaigh,verb
seachródaigh,verb
seachthreoraigh,verb
seachtraigh,verb
sead,verb
seadaigh,verb
seadánaigh,verb
sealbhaigh,verb
seamaigh,verb
seamhraigh,verb
seangaigh,verb
seansáil,verb
seapán,verb
searbhaigh,verb
searg,verb
searn,verb
searr,verb
seas,verb
seiceáil,verb
seicheamhaigh,verb
seiftigh,verb
seilg,verb
seiligh,verb
seinn,verb
seirbheáil,verb
seirbhísigh,verb
seithigh,verb
seol,verb
séalaigh,verb
séamáil,verb
séan,verb
séid,verb
séidtriomaigh,verb
séimhigh,verb
siabhair,verb
sil-leag,verb
sil,verb
silicigh,verb
sill,verb
simíáil,verb
simpligh,verb
sincigh,verb
sindeacáitigh,verb
sintéisigh,verb
sioc,verb
siofón,verb
siolp,verb
siombalaigh,verb
sioncóipigh,verb
sioncrónaigh,verb
sionsaigh,verb
siorc,verb
siortaigh,verb
siortáil,verb
sios,verb
siosc,verb
siostalaigh,verb
sir,verb
siséal,verb
siúcraigh,verb
siúil,verb
siúnt,verb
siúntaigh,verb
síl,verb
sín,verb
sínigh,verb
síob,verb
síobshiúil,verb
síog,verb
síogaigh,verb
síolaigh,verb
síolchuir,verb
síolraigh,verb
síonchaith,verb
síoraigh,verb
síothaigh,verb
síothlaigh,verb
slabhraigh,verb
slac,verb
slachtaigh,verb
slad,verb
slaidh,verb
slaiseáil,verb
slaod,verb
slaon,verb
slat,verb
slatáil,verb
slám,verb
slámáil,verb
slánaigh,verb
sleabhac,verb
sleacht,verb
sleamhnaigh,verb
sleáigh,verb
sléacht,verb
sliacht,verb
sligh,verb
sliochtaigh,verb
sliop,verb
slis,verb
slisnigh,verb
slíob,verb
slíoc,verb
slíom,verb
slog,verb
sloinn,verb
slócht,verb
slóg,verb
sluaisteáil,verb
sluaistrigh,verb
smachtaigh,verb
smailc,verb
smaoinigh,verb
smálaigh,verb
smeach,verb
smeadráil,verb
smear,verb
sméid,verb
smid,verb
smiog,verb
smiot,verb
smíocht,verb
smíst,verb
smísteáil,verb
smol,verb
smuigleáil,verb
smut,verb
smúdáil,verb
smúitigh,verb
smúr,verb
snaidhm,verb
snamh,verb
snap,verb
snasaigh,verb
snáith,verb
snáithigh,verb
snámh,verb
snigeáil,verb
snigh,verb
sniog,verb
sníomh,verb
snoigh,verb
snúcaráil,verb
socht,verb
socraigh,verb
soifnigh,verb
soiléirigh,verb
soilsigh,verb
soinnigh,verb
soiprigh,verb
soirbhigh,verb
soiscéalaigh,verb
soladaigh,verb
soláthair,verb
sollúnaigh,verb
soncáil,verb
sondáil,verb
sonn,verb
sonraigh,verb
sonrasc,verb
sop,verb
sorchaigh,verb
sóigh,verb
sóinseáil,verb
sóisialaigh,verb
sólásaigh,verb
sórtáil,verb
sótáil,verb
spadhar,verb
spaill,verb
spairn,verb
spall,verb
spallaigh,verb
spalp,verb
spamáil,verb
sparr,verb
spágáil,verb
spáráil,verb
spásáil,verb
speach,verb
speal,verb
spear,verb
speir,verb
spéiceáil,verb
spionn,verb
spíceáil,verb
spídigh,verb
spíon,verb
spíosraigh,verb
spladhsáil,verb
splanc,verb
splancáil,verb
spleantráil,verb
spléach,verb
spoch,verb
spor,verb
spotáil,verb
spotseiceáil,verb
spól,verb
spóraigh,verb
spraeáil,verb
spraephéinteáil,verb
spreachallaigh,verb
spreag,verb
spréach,verb
spréigh,verb
sprioc,verb
spriocdhírigh,verb
spriúch,verb
spríosraigh,verb
spruigeáil,verb
sprúill,verb
spúinseáil,verb
srac,verb
sraithrannaigh,verb
sram,verb
srann,verb
sraoill,verb
sraon,verb
srathaigh,verb
srathnaigh,verb
srathraigh,verb
sreabh,verb
sreang,verb
sreangaigh,verb
sreangtharraing,verb
srian,verb
sroich,verb
sroighill,verb
sruthaigh,verb
sruthlaigh,verb
stad,verb
stalc,verb
stallabheathaigh,verb
stampáil,verb
stang,verb
staon,verb
stáirseáil,verb
stáitsigh,verb
stálaigh,verb
stán,verb
stánaigh,verb
stánáil,verb
stánphlátáil,verb
stápláil,verb
steall,verb
steanc,verb
steiréitíopáil,verb
steiriligh,verb
stéagaigh,verb
stiall,verb
stiúd,verb
stiúg,verb
stiúir,verb
stíleáil,verb
stíligh,verb
stobh,verb
stocáil,verb
stoith,verb
stoithin,verb
stoll,verb
stolp,verb
stop,verb
stócáil,verb
stóinsigh,verb
stóráil,verb
straeáil,verb
straidhneáil,verb
straidhpeáil,verb
strapáil,verb
streachail,verb
stríoc,verb
stríocáil,verb
stroighnigh,verb
stromp,verb
stróic,verb
struchtúraigh,verb
struipeáil,verb
strumáil,verb
strustuirsigh,verb
stuamaigh,verb
stuáil,verb
stuc,verb
stumpáil,verb
suaimhnigh,verb
suaith,verb
suaithfhrioch,verb
suaithnigh,verb
suanbhruith,verb
suaraigh,verb
subhaigh,verb
substain,verb
suigh,verb
suimeáil,verb
suimigh,verb
suimintigh,verb
suiteáil,verb
sulfáitigh,verb
suncáil,verb
surfáil,verb
súigh,verb
súisteáil,verb
súraic,verb
tabhaigh,verb
tabhair,verb
tacaigh,verb
tacair,verb
tacht,verb
tacmhaing,verb
tadhaill,verb
tafainn,verb
tagair,verb
tagarmharcáil,verb
taibhrigh,verb
taibhsigh,verb
taicleáil,verb
taifead,verb
taifigh,verb
taighid,verb
tairbhigh,verb
tairg,verb
tairis,verb
tairisnigh,verb
tairneáil,verb
tairngir,verb
taisc,verb
taiscéal,verb
taisdíon,verb
taisealbh,verb
taisligh,verb
taispeáin,verb
taisrigh,verb
taistil,verb
taithigh,verb
taithmhigh,verb
taitin,verb
tall,verb
talmhaigh,verb
tamhain,verb
tanaigh,verb
taobhaigh,verb
taobhrian,verb
taom,verb
taosaigh,verb
taosc,verb
tapaigh,verb
tapáil,verb
tar,verb
tarathraigh,verb
tarcaisnigh,verb
tarchéimnigh,verb
tarchuir,verb
tarfhuaigh,verb
tarlaigh,verb
tarmlig,verb
tarraing,verb
tarramhacadamaigh,verb
tarráil,verb
tarrtháil,verb
tarscaoil,verb
tathantaigh,verb
tathaoir,verb
tatuáil,verb
táblaigh,verb
tácláil,verb
táinsigh,verb
táir,verb
táirg,verb
tál,verb
támáil,verb
támhaigh,verb
tástáil,verb
táthaigh,verb
teacht,verb
teagasc,verb
teaglamaigh,verb
teagmhaigh,verb
teangaigh,verb
teanglaigh,verb
teann,verb
teanntaigh,verb
tearcaigh,verb
tearcmhaoinigh,verb
tearmannaigh,verb
teasairg,verb
teasc,verb
teasdíon,verb
teastaigh,verb
teibigh,verb
teileachraol,verb
teiléacsaigh,verb
teilg,verb
teilifísigh,verb
teimhligh,verb
teinn,verb
teip,verb
teisteáil,verb
teistigh,verb
teith,verb
teobhlaistigh,verb
teorannaigh,verb
téacht,verb
téacsáil,verb
téaltaigh,verb
téarnaigh,verb
téigh,verb
téipeáil,verb
tiarnaigh,verb
tibh,verb
ticeáil,verb
til,verb
timfhill,verb
timpeallaigh,verb
timpeallghearr,verb
tinneasnaigh,verb
tinnigh,verb
tiomain,verb
tiomairg,verb
tiomáin,verb
tiomnaigh,verb
tiompáil,verb
tiomsaigh,verb
tionlaic,verb
tionnabhair,verb
tionóil,verb
tionscain,verb
tionsclaigh,verb
tiontaigh,verb
tipeáil,verb
tirimghlan,verb
tit,verb
tiubhaigh,verb
tiúin,verb
tíáil,verb
tíligh,verb
tíolaic,verb
tíopáil,verb
tíopshamhlaigh,verb
tíoptheilg,verb
tíor,verb
tírdhreachaigh,verb
tírdhreachtaigh,verb
tláthaigh,verb
tlúáil,verb
tnáith,verb
tnúth,verb
tobchlis,verb
tochail,verb
tochais,verb
tochrais,verb
tochsail,verb
togair,verb
togh,verb
toghail,verb
toghair,verb
toghluais,verb
toibhigh,verb
toiligh,verb
toill,verb
toimhdigh,verb
toirbhir,verb
toirchigh,verb
toirmisc,verb
toirtmheasc,verb
toisigh,verb
toitrigh,verb
tolg,verb
toll,verb
tollánaigh,verb
tomhaidhm,verb
tomhail,verb
tomhais,verb
tonach,verb
tonaigh,verb
tonn,verb
tonnchrith,verb
torchair,verb
tornáil,verb
torthaigh,verb
tosaigh,verb
tosáil,verb
tost,verb
tothlaigh,verb
tóch,verb
tóg,verb
tóraigh,verb
tórraigh,verb
tóstáil,verb
traenáil,verb
traiceáil,verb
trampáil,verb
traoch,verb
traoith,verb
traost,verb
traschuir,verb
trasfhoirmigh,verb
traslitrigh,verb
trasnaigh,verb
trasphlandaigh,verb
trasuigh,verb
trácht,verb
tráchtálaigh,verb
trádáil,verb
trádmharcáil,verb
tráigh,verb
trátháil,verb
treabh,verb
treaghd,verb
trealmhaigh,verb
treamhnaigh,verb
treapáin,verb
treascair,verb
treáigh,verb
treisigh,verb
treochtáil,verb
treoraigh,verb
treoráil,verb
treoshuigh,verb
tréaslaigh,verb
trébhliantaigh,verb
tréghalaigh,verb
tréig,verb
tréithrigh,verb
tréthál,verb
triail,verb
triall,verb
triantánaigh,verb
triáiseáil,verb
trilseánaigh,verb
trilsigh,verb
trimeáil,verb
trinseáil,verb
triomaigh,verb
triosc,verb
tríroinn,verb
trochlaigh,verb
troid,verb
troisc,verb
troitheánaigh,verb
tromaigh,verb
truaigh,verb
truailligh,verb
truaillmheasc,verb
truipeáil,verb
truncáil,verb
trusáil,verb
trust,verb
tuaigh,verb
tuairimigh,verb
tuairiscigh,verb
tuairteáil,verb
tuar,verb
tuargain,verb
tuaslaig,verb
tuasláitigh,verb
tuathaigh,verb
tubh,verb
tuig,verb
tuil,verb
tuill,verb
tuilsoilsigh,verb
tuirling,verb
tuirsigh,verb
tuisligh,verb
tuismigh,verb
tultit,verb
tum,verb
túisigh,verb
túsaigh,verb
túschan,verb
tvuíteáil,verb
uachtaigh,verb
uachtaraigh,verb
uaim,verb
uaisligh,verb
ualaigh,verb
uamhnaigh,verb
uaschéimnigh,verb
uasghrádaigh,verb
uaslódáil,verb
uasmhéadaigh,verb
uathaigh,verb
uathfhuaimnigh,verb
ubhsceith,verb
uchtaigh,verb
uchtáil,verb
uimhrigh,verb
uirísligh,verb
uiscedhíon,verb
uiscigh,verb
ullmhaigh,verb
umhlaigh,verb
ung,verb
uraigh,verb
urbhac,verb
urbhearnaigh,verb
urbhruith,verb
urchoill,verb
urchoisc,verb
urghabh,verb
urghair,verb
urghairdigh,verb
urghráinigh,verb
urlaic,verb
urmhais,verb
urraigh,verb
urramaigh,verb
urscaoil,verb
urscart,verb
údaraigh,verb
úim,verb
úraigh,verb
úsáid,verb
úsc,verb
vacsaínigh,verb
válsáil,verb
vótáil,verb
zipeáil,verb
zónáil,verb
zúmáil,verb
