aback,əˈbæk
abed,əˈbɛd
abnormally,æbˈnɔɹməɫi
aboard,əˈbɔɹd
about,əˈbaʊt
above,əˈbəv
abreast,əˈbɹɛst
abroad,əˈbɹɔd
abruptly,əˈbɹəptɫi
absolutely,ˌæbsəˈɫutɫi
absurdly,əbˈsɝdɫi
abundantly,əˈbəndəntɫi
academically,ˌækəˈdɛmɪkɫi
acceptably,ækˈsɛptəbɫi
accordingly,əˈkɔɹdɪŋɫi
accurately,ˈækjɝətɫi
accusingly,əkˈjuzɪŋɫi
acoustically,əˈkustɪkɫi
across,əˈkɹɔs
actively,ˈæktɪvɫi
actually,ˈækˌtʃuəɫi
acutely,əkˈjutɫi
adagio,əˈdɑʒiˌoʊ
adamantly,ˈædəməntɫi
additionally,əˈdɪʃəˌnəɫi
adequately,ˈædəkwətɫi
administratively,ædˌmɪnəˈstɹeɪtɪvɫi
admirably,ˈædmɝəbɫi
admiringly,ædˈmaɪɹɪŋɫi
adrift,əˈdɹɪft
adversely,ædˈvɝsɫi
aesthetically,ɛsˈθɛtɪkɫi
afar,əˈfɑɹ
affably,ˈæfəbɫi
affirmatively,əˈfɝmətɪvɫi
afield,əˈfiɫd
afoot,əˈfʊt
afresh,əˈfɹɛʃ
aft,ˈæft
after,ˈæftɝ
again,əˈɡeɪn
aggressively,əˈɡɹɛsɪvɫi
ago,əˈɡoʊ
agonizingly,ˈæɡəˌnaɪzɪŋˌɫi
aground,əˈɡɹaʊnd
ahead,əˈhɛd
aimlessly,ˈeɪmɫəsɫi
akimbo,əˈkɪmˌboʊ
alarmingly,əˈɫɑɹmɪŋɫi
alertly,əˈɫɝtɫi
algebraically,ˌæɫdʒəˈbɹeɪɪkɫi
alias,ˈeɪɫiəs
alike,əˈɫaɪk
allegedly,əˈɫɛdʒədɫi
allegro,əˈɫɛˌɡɹoʊ
aloft,əˈɫɔft
alone,əˈɫoʊn
along,əˈɫɔŋ
aloof,əˈɫuf
aloud,əˈɫaʊd
alphabetically,ˌæɫfəˈbɛtɪkɫi
already,ɔˈɹɛdi
alternately,ˈɔɫtɝnətɫi
alternatively,ɔɫˈtɝnətɪvɫi
altogether,ˌɔɫtəˈɡɛðɝ
always,ˈɔɫˌweɪz
amazingly,əˈmeɪzɪŋɫi
ambitiously,æmˈbɪʃəsɫi
amicably,ˈæmɪkəbɫi
amidships,əˈmɪdʃɪps
amiss,əˈmɪs
amok,əˈmək
amply,ˈæmpɫi
analytically,ˌænəˈɫɪtɪkɫi
anatomically,ˌænəˈtɑməkɫi
andante,ɑnˈdɑnteɪ
angelically,ænˈdʒɛɫɪkɫi
angrily,ˈæŋɡɹəɫi
annually,ˈænjuəɫi
anon,ˌæˈnɔn
anonymously,əˈnɑnəməsɫi
anxiously,ˈæŋkʃəsɫi
any,ˈɛni
anyhow,ˈɛniˌhaʊ
anymore,ˌɛniˈmɔɹ
anywhere,ˈɛniˌwɛɹ
apart,əˈpɑɹt
apologetically,əˌpɑɫəˈdʒɛtɪˌkɫi
appallingly,əˈpɔɫɪŋɫi
apparently,əˈpɛɹəntɫi
appealingly,əˈpiɫɪŋɫi
appreciably,əˈpɹiʃəbɫi
appreciatively,əˈpɹiʃiˌeɪtɪvɫi
appropriately,əˈpɹoʊpɹiɪtɫi
approvingly,əˈpɹuvɪŋɫi
approximately,əˈpɹɑksəmətɫi
architecturally,ˌɑɹkɪˈtɛktʃɝəɫi
archly,ˈɑɹtʃɫi
ardently,ˈɑɹdəntɫi
arguably,ˈɑɹɡjuəbɫi
around,ɝˈaʊn
arrogantly,ˈɛɹəɡəntɫi
artfully,ˈɑɹtfəɫi
artificially,ˌɑɹtəˈfɪʃəɫi
artistically,ɑɹˈtɪstɪkɫi
ashore,əˈʃɔɹ
aside,əˈsaɪd
askance,əˈskæns
askew,əˈskju
asleep,əˈsɫip
assertively,əˈsɝtɪvɫi
assiduously,əˈsɪdwəsɫi
assuredly,əˈʃʊɹədɫi
astray,əˈstɹeɪ
astride,əˈstɹaɪd
astronomically,ˌæstɹəˈnɑmɪkɫi
astutely,əˈstutɫi
athwart,əθˈwɔɹt
atop,əˈtɑp
attentively,əˈtɛntɪvɫi
audibly,ˈɑdəbɫi
austerely,ˌɔˈstɪɹɫi
authentically,ˌɔˈθɛnɪkɫi
authoritatively,əˌθɔɹəˈteɪtɪvɫi
automatically,ˌɔtəˈmætɪkɫi
avidly,ˈævədɫi
avowedly,əˈvaʊədɫi
away,əˈweɪ
awhile,əˈwaɪɫ
awkwardly,ˈɔkwɝdɫi
awry,ɝˈaɪ
back,ˈbæk
backstage,ˈbækˈsteɪdʒ
backward,ˈbækwɝd
badly,ˈbædɫi
baldly,ˈbɔɫdɫi
bang,ˈbæŋ
barely,ˈbɛɹɫi
basically,ˈbeɪsɪkɫi
beastly,ˈbistˌɫi
beautifully,ˈbjutəfɫi
behind,bɪˈhaɪnd
below,biˈɫoʊ
beneficially,ˌbɛnəˈfɪʃəɫi
benignly,bəˈnaɪnɫi
besides,ˌbiˈsaɪdz
best,ˈbɛst
better,ˈbɛtɝ
between,bitˈwin
beyond,ˌbiˈɔnd
big,ˈbɪɡ
bilaterally,baɪˈɫætɝəɫi
bimonthly,baɪˈmənθɫi
biologically,baɪəˈɫɑdʒɪkɫi
bitterly,ˈbɪtɝɫi
blandly,ˈbɫændɫi
blankly,ˈbɫæŋkɫi
blatantly,ˈbɫeɪtəntɫi
blessedly,ˈbɫɛsədɫi
blindly,ˈbɫaɪndɫi
blissfully,ˈbɫɪsfəɫi
bloody,ˈbɫədi
bodily,ˈbɑdəɫi
boiling,ˈbɔɪɫɪŋ
boldly,ˈboʊɫdɫi
bravely,ˈbɹeɪvɫi
brazenly,ˈbɹeɪzənɫi
briefly,ˈbɹifɫi
brilliantly,ˈbɹɪɫjəntɫi
briskly,ˈbɹɪskɫi
broadly,ˈbɹɔdɫi
broadside,ˈbɹɔdˌsaɪd
brotherly,ˈbɹəðɝɫi
busily,ˈbɪzəɫi
by,ˈbaɪ
callously,ˈkæɫəsɫi
calmly,ˈkɑɫmɫi
capriciously,kəˈpɹɪʃɪsɫi
carelessly,ˈkɛɹɫəsɫi
casually,ˈkæʒəwəɫi
centrally,ˈsɛntɹəɫi
cerebrally,sɝˈibɹəɫi
characteristically,ˌkɛɹəktɝˈɪstɪkɫi
charitably,ˈtʃɛɹɪtəbɫi
charmingly,ˈtʃɑɹmɪŋɫi
cheaply,ˈtʃipɫi
cheerfully,ˈtʃɪɹfəɫi
chemically,ˈkɛməkɫi
chiefly,ˈtʃifɫi
chock,ˈtʃɑk
chronically,ˈkɹɑnɪkəɫi
chronologically,ˌkɹɑnəˈɫɑdʒɪkɫi
circularly,ˈsɝkjəɫɝɫi
circumstantially,ˌsɝkəmˈstænʃəˌɫi
civilly,ˈsɪvɪɫi
classically,ˈkɫæsɪkɫi
clean,ˈkɫin
clear,ˈkɫɪɹ
clearly,ˈkɫɪɹɫi
cleverly,ˈkɫɛvɝɫi
clinically,ˈkɫɪnɪkəɫi
clockwise,ˈkɫɑˌkwaɪz
close,ˈkɫoʊs
closely,ˈkɫoʊsɫi
clumsily,ˈkɫəmsəɫi
coherently,koʊˈhiɹəntɫi
coincidentally,koʊˌɪnsɪˈdɛnəɫi
coldly,ˈkoʊɫdɫi
collect,kəˈɫɛkt
comfortably,ˈkəmfɝtəbɫi
comically,ˈkɑmɪkəɫi
commercially,kəˈmɝʃəɫi
comparably,ˈkɑmpɝəbɫi
competently,ˈkɑmpətɪntɫi
competitively,kəmˈpɛtɪtɪvɫi
complacently,kəmˈpɫeɪsəntɫi
completely,kəmˈpɫitɫi
comprehensively,ˌkɑmpɹɪˈhɛnsɪvɫi
compulsively,kəmˈpəɫsɪvɫi
con,ˈkɑn
conceivably,kənˈsivəbɫi
conceptually,kənˈsɛptʃuəɫi
concisely,kənˈsaɪsɫi
concretely,ˈkɑnˌkɹitɫi
concurrently,kənˈkɝəntɫi
conditionally,kənˈdɪʃənəɫi
confidentially,ˌkɑnfəˈdɛnʃəɫi
confidently,ˈkɑnfədəntɫi
consciously,ˈkɑnʃəsɫi
consecutive,kənˈsɛkjətɪv
consecutively,kənˈsɛkjətɪvɫi
consequently,ˈkɑnsəˌkwɛntɫi
conservatively,kənˈsɝvətɪvɫi
conspicuously,kənˈspɪkjuəsɫi
constantly,ˈkɑnstəntɫi
constitutionally,ˌkɑnstəˈtuʃənəɫi
constructively,kənˈstɹəktɪvɫi
contemporaneously,kənˌtɛmpɝˈeɪniəsɫi
contemptuously,kənˈtɛmptʃwəsɫi
contentedly,kənˈtɛntədɫi
continually,kənˈtɪnjuəɫi
continuously,kənˈtɪnjuəsɫi
contractually,kənˈtɹæktʃuəɫi
contradictorily,ˌkɑntɹəˈdɪktɝəɫi
conventionally,kənˈvɛnʃənəɫi
conversely,ˈkɑnvɝsɫi
convincingly,kənˈvɪnsɪŋɫi
coolly,ˈkuɫi
correctly,kɝˈɛktɫi
correspondingly,ˌkɔɹəˈspɑndɪŋɫi
corruptly,kɝˈəptɫi
cosmetically,ˌkɔzˈmɛtɪkɫi
counter,ˈkaʊntɝ
counterclockwise,ˌkaʊnɝˈkɫɔkwaɪz
covertly,koʊˈvɝtɫi
coyly,ˈkɔɪɫi
creatively,kɹiˈeɪtɪvɫi
credibly,ˈkɹɛdəbɫi
criminally,ˈkɹɪmənəɫi
crisscross,ˈkɹɪsˌkɹɔs
critically,ˈkɹɪtɪkəɫi
crosstown,ˈkɹɔˌstaʊn
crosswise,ˈkɹɔˌswaɪz
crucially,ˈkɹuʃəɫi
crudely,ˈkɹudɫi
cruelly,ˈkɹuɫi
culturally,ˈkəɫtʃɝəˌɫi
cumulatively,ˈkjumjəɫəˌtɪvɫi
curiously,ˈkjʊɹiəsɫi
curtly,ˈkɝtɫi
customarily,ˌkəstəˈmɛɹəɫi
cynically,ˈsɪnɪkəɫi
daily,ˈdeɪɫi
daintily,ˈdeɪntəˌɫi
damned,ˈdæmd
darkly,ˈdɑɹkɫi
daylong,ˈdeɪˌɫɔŋ
deadly,ˈdɛdɫi
deadpan,ˈdɛdˌpæn
dearly,ˈdɪɹɫi
deathly,ˈdɛθɫi
decently,ˈdisəntɫi
deceptively,dɪˈsɛptɪvɫi
decidedly,ˌdɪˈsaɪdədɫi
decisively,dɪˈsaɪsɪvɫi
deep,ˈdip
deeply,ˈdipɫi
defenseless,dɪˈfɛnsɫəs
defensively,dɪˈfɛnsɪvɫi
deftly,ˈdɛftɫi
deliciously,dɪˈɫɪʃəʃɫi
delightfully,dɪˈɫaɪtfəɫi
demandingly,dɪˈmændɪŋɫi
democratically,ˌdɛməˈkɹætɪkɫi
demonstrably,dɪˈmɑnstɹəbɫi
demurely,dɪmˈjʊɹɫi
densely,ˈdɛnsɫi
depressingly,dɪˈpɹɛsɪŋɫi
derisively,dɝˈaɪsɪvɫi
deservedly,dɪˈzɝvədɫi
desperately,ˈdɛspɝətɫi
determinedly,dəˈtɝməndɫi
developmentally,dɪˌvɛɫəpˈmɛnəɫi
devilishly,ˈdɛvəɫɪʃɫi
devoutly,dɪˈvaʊtɫi
diagonally,daɪˈæɡənəɫi
diametrically,ˌdaɪəˈmɛtɹɪkəɫi
differently,ˈdɪfɝˈɛntɫi
digitally,ˈdɪdʒətəɫi
diligently,ˈdɪɫədʒəntɫi
dimly,ˈdɪmɫi
diplomatically,ˌdɪpɫəˈmætɪkɫi
directly,daɪˈɹɛkɫi
disappointingly,dɪsəˈpɔɪnɪŋɫi
disastrously,dɪˈzæstɹəsɫi
discontentedly,ˌdɪskənˈtɛntɪdɫi
discreetly,dɪsˈkɹitɫi
dishonestly,dɪˈsɔnəstɫi
dismally,ˈdɪzməɫi
disparagingly,dɪˈspɛɹɪdʒɪŋɫi
dispassionately,dɪˈspæʃənətɫi
disproportionately,ˌdɪspɹəˈpɔɹʃənətɫi
distinctively,dɪˈstɪŋktɪvɫi
distinctly,dɪˈstɪŋktɫi
disturbingly,dɪˈstɝbɪŋɫi
divinely,dɪˈvaɪnɫi
doggedly,ˈdɔɡədɫi
dogmatically,dɑɡˈmætɪkɫi
dolce,ˈdoʊɫˌtʃeɪ
domestically,dəˈmɛstɪkɫi
dorsally,ˈdɔɹsəɫi
double,ˈdəbəɫ
doubly,ˈdəbɫi
down,ˈdaʊn
downhill,ˈdaʊnˈhɪɫ
downright,ˈdaʊnˌɹaɪt
downriver,ˌdaʊnˈɹɪvɝ
downstage,ˈdaʊnˌsteɪdʒ
downstairs,ˈdaʊnˈstɛɹz
downtown,ˈdaʊnˈtaʊn
downwind,daʊnˈwɪnd
dramatically,dɹəˈmætɪkəɫi
drastically,ˈdɹæstɪkɫi
dreadfully,ˈdɹɛdfəɫi
due,ˈdju
dutifully,ˈdutifəɫi
dynamically,daɪˈnæmɪˌkɫi
each,ˈitʃ
eagerly,ˈiɡɝɫi
earlier,ˈɝɫiɝ
early,ˈɝɫi
easily,ˈizəɫi
east,ˈist
easterly,ˈistɝɫi
eastward,ˈistwɝd
easy,ˈizi
ecologically,ɛkəˈɫɑdʒɪkɫi
economically,ˌɛkəˈnɑmɪkɫi
ecstatically,ɛkˈstætɪkɫi
edgeways,ˈɛdʒˌweɪz
edgewise,ˈɛdʒˌwaɪz
editorially,ˌɛdəˈtɔɹiəɫi
educationally,ˌɛdʒəˈkeɪʃənəɫi
effectively,ˈifɛktɪvɫi
efficiently,ɪˈfɪʃəntɫi
effortlessly,ˈɛfɝtɫəsɫi
effusively,ɪfˈjusɪvɫi
elaborately,ɪˈɫæbɹətɫi
electrically,ɪˈɫɛktɹɪkəɫi
electronically,ˌɪˌɫɛkˈtɹɑnɪkəˌɫi
elegantly,ˈɛɫɪɡəntˌɫi
eloquently,ˈɛɫəkwəntɫi
elsewhere,ˈɛɫˌswɛɹ
embarrassingly,ɪmˈbɛɹəsɪŋɫi
eminently,ˈɛmənəntɫi
emotionally,ˈiˌmoʊʃnəɫi
empirically,ɛmˈpɪɹɪkəɫi
endlessly,ˈɛndɫəsɫi
energetically,ˌɛnɝˈdʒɛtɪkɫi
enormously,iˈnɔɹməsɫi
enough,iˈnəf
enthusiastically,ɪnˌθuziˈæstɪkɫi
entirely,ɪnˈtaɪɝɫi
enviously,ˈɛnviəsɫi
environmentally,ɪnˌvaɪɹənˈmɛnəɫi
equally,ˈikwəɫi
equitably,ˈɛkwɪtəbɫi
ergo,ˈɝɡoʊ
erratically,ɛˈɹætɪkɫi
ethically,ˈɛθɪkəɫi
ethnically,ˈɛθnɪkɫi
euphemistically,ˌjufəˈmɪstɪkɫi
even,ˈivɪn
evenly,ˈivənɫi
ever,ˈɛvɝ
evermore,ˈɛvɝˌmɔɹ
everywhere,ˈɛvɹiˌwɛɹ
excellently,ˈɛksəɫəntɫi
exceptionally,ɪkˈsɛpʃənəɫi
excessively,ɪkˈsɛsɪvɫi
excitedly,ɪkˈsaɪtədɫi
expensively,ˌɛkˈspɛnsɪvɫi
experimentally,ɪkˌspɛɹəˈmɛntəɫi
expertly,ˈɛkspɝtɫi
explicitly,ɪksˈpɫɪsətɫi
explosively,ˌɛksˈpɫoʊsɪvɫi
exponentially,ˌɛkspoʊˈnɛnʃəɫi
express,ɪksˈpɹɛs
expressly,ɛksˈpɹɛsɫi
extensively,ɪkˈstɛnsɪvɫi
externally,ɪkˈstɝnəɫi
extra,ˈɛkstɹə
extravagantly,ˌɛkˈstɹævəɡəntɫi
extremely,ɛkˈstɹimɫi
exultantly,ɪɡˈzəɫtəntɫi
fabulously,ˈfæbjuɫəsɫi
facetiously,fəˈsiʃəsɫi
factually,ˈfæktʃuəɫi
faintly,ˈfeɪntɫi
fairly,ˈfɛɹɫi
faithfully,ˈfeɪθfəɫi
falsely,ˈfɔɫsɫi
famously,ˈfeɪməsɫi
fanatically,fəˈnætɪkəɫi
far,ˈfɑɹ
farther,ˈfɑɹðɝ
farthest,ˈfɑɹðəst
fashionably,ˈfæʃənəbɫi
fast,ˈfæst
fatally,ˈfeɪtəɫi
favorably,ˈfeɪvɝəbɫi
federally,ˈfɛdɝəɫi
feebly,ˈfibɫi
ferociously,fɝˈoʊʃɪsɫi
feverishly,ˈfɛvɝˌɪʃɫi
fiercely,ˈfɪɹsɫi
figuratively,fɪɡˈjʊɹətɪvɫi
financially,ˌfaɪˈnænʃəɫi
finely,ˈfaɪnɫi
firm,ˈfɝm
first,ˈfɝst
firsthand,ˈfɝshænd
fiscally,ˈfɪskəɫi
fitfully,ˈfɪtfəɫi
flagrantly,ˈfɫeɪɡɹəntɫi
flamboyantly,fɫæmˈbɔɪəntɫi
flat,ˈfɫæt
flatly,ˈfɫætɫi
flexibly,ˈfɫɛksəbɫi
flop,ˈfɫɑp
fluently,ˈfɫuəntɫi
flush,ˈfɫəʃ
fondly,ˈfɑndɫi
foolishly,ˈfuɫɪʃɫi
forcefully,ˈfɔɹsfəɫi
forcibly,ˈfɔɹsəbɫi
fore,ˈfɔɹ
foremost,ˈfɔɹˌmoʊst
forever,fɝˈɛvɝ
formally,ˈfɔɹməɫi
formidably,ˈfɔɹmədəbɫi
forte,ˈfɔɹt
forth,ˈfɔɹθ
fortnightly,ˈfɔɹtˌnaɪtɫi
fortunately,ˈfɔɹtʃənətɫi
forward,ˈfɔɹwɝd
fourfold,ˌfɔɹˈfoʊɫd
foursquare,ˈfɔɹsˈkwɛɹ
fourthly,ˈfɔɹθɫi
fraudulently,ˈfɹɔduɫəntɫi
freely,ˈfɹiɫi
frequently,ˈfɹikwəntɫi
frighteningly,ˈfɹaɪtənɪŋɫi
frivolously,ˈfɹɪvəɫəsɫi
frowningly,ˈfɹaʊnɪŋɫi
frugally,ˈfɹuɡəɫi
fucking,ˈfəkɪŋ
fully,ˈfʊɫi
functionally,ˈfəŋkʃənəɫi
furiously,ˈfjʊɹiəsɫi
further,ˈfɝðɝ
furthermore,ˈfɝðɝˌmɔɹ
furthest,ˈfɝθəst
furtively,ˈfɝtɪvɫi
gaily,ˈɡeɪɫi
gainfully,ˈɡeɪnfəɫi
gallantly,ˈɡæɫəntɫi
gamely,ˈɡeɪmɫi
generally,ˈdʒɛnɝəɫi
generically,dʒəˈnɛɹɪkɫi
genetically,dʒəˈnɛtɪkɫi
gently,ˈdʒɛntɫi
geographically,ˌdʒiəˈɡɹæfɪkəɫi
geometrically,ˌdʒiəˈmɛtɹɪkɫi
gingerly,ˈdʒɪndʒɝɫi
girlishly,ˈɡɝɫɪʃɫi
gladly,ˈɡɫædɫi
gleefully,ˈɡɫifəɫi
glibly,ˈɡɫɪbɫi
globally,ˈɡɫoʊbəɫi
gloomily,ˈɡɫuməɫi
gloriously,ˈɡɫɔɹiəsɫi
glowingly,ˈɡɫoʊɪŋɫi
goddam,ˈɡɑdˌdæm
governmentally,ˈɡəvɝˌmɛnəɫi
gracefully,ˈɡɹeɪsfəɫi
graciously,ˈɡɹeɪʃəsɫi
gradually,ˈɡɹædʒuəɫi
grandly,ˈɡɹændɫi
graphically,ˈɡɹæfɪkɫi
gratis,ˈɡɹætəs
gratuitously,ɡɹəˈtuətəsɫi
gravely,ˈɡɹeɪvɫi
gravitationally,ˌɡɹævəˈteɪʃnəɫi
greatly,ˈɡɹeɪtɫi
greenly,ˈɡɹinɫi
grievously,ˈɡɹivəsɫi
grimly,ˈɡɹɪmɫi
grossly,ˈɡɹoʊsɫi
grotesquely,ɡɹoʊˈtɛskɫi
grudgingly,ˈɡɹədʒɪŋɡɫi
gruffly,ˈɡɹəfɫi
habitually,həˈbɪtʃuəɫi
half,ˈhæf
halfway,ˈhæfˈweɪ
haltingly,ˈhɔɫtɪŋɫi
handily,ˈhændəɫi
handsomely,ˈhænsəmɫi
haphazard,hæpˈhæzɝd
happily,ˈhæpəɫi
hard,ˈhɑɹd
hardly,ˈhɑɹdɫi
harmlessly,ˈhɑɹmɫəsɫi
harmoniously,hɑɹˈmoʊniəsɫi
harshly,ˈhɑɹʃɫi
haughtily,ˈhɔtɪɫi
headlong,ˈhɛdˌɫɔŋ
heaps,ˈhips
heartily,ˈhɑɹtəɫi
heatedly,ˈhitɪdɫi
heavily,ˈhɛvəɫi
heavy,ˈhɛvi
helpfully,ˈhɛɫpfəɫi
helplessly,ˈhɛɫpɫəsɫi
hence,ˈhɛns
henceforth,ˈhɛnsˈfɔɹθ
here,ˈhiɹ
hereabout,ˈhɪɹəˌbaʊt
hereafter,hɪˈɹæftɝ
hereby,hɪɹˈbaɪ
herein,hɪˈɹɪn
hermetically,hɝˈmɛtɪkəɫi
heroically,ˌhɪˈɹoʊɪkɫi
hideously,ˈhɪdiəsɫi
high,ˈhaɪ
highly,ˈhaɪɫi
hilariously,hɪˈɫɛɹiəsɫi
historically,hɪˈstɔɹɪkəɫi
home,ˈhoʊm
homeward,ˈhoʊmwɝd
honestly,ˈɑnəsɫi
honorably,ˈɑnɝəbɫi
hopefully,ˈhoʊpfəɫi
hopelessly,ˈhoʊpɫəsɫi
horizontally,ˌhɔɹɪˈzɑntəɫi
horseback,ˈhɔɹsˌbæk
hourly,ˈaʊɹɫi
however,ˌhaʊˈɛvɝ
humanely,hjuˈmeɪnɫi
humbly,ˈhəmbɫi
humorously,ˈhjumɝəsɫi
hungrily,ˈhəŋɡɹəɫi
hurriedly,ˈhɝidɫi
hypothetically,ˌhaɪpəˈθɛtɪkɫi
hysterically,ˌhɪsˈtɛɹɪkɫi
icily,ˈaɪsɪɫi
ideally,aɪˈdiɫi
ideologically,ˌaɪdiəˈɫɑdʒɪkɫi
idiotically,ˌɪdiˈɑtɪkɫi
idly,ˈaɪdɫi
ill,ˈɪɫ
illegally,ˌɪˈɫiɡəɫi
imaginatively,ˌɪˈmædʒənəˌtɪvˌɫi
immaculately,ˌɪˈmækjəɫətɫi
immeasurably,ˌɪˈmɛʒɝˌæbɫi
immediately,ˌɪˈmiˌdiətɫi
imminently,ˈɪmənəntɫi
impartially,ˌɪmˈpɑɹʃəɫi
impassively,ˌɪmˈpæsɪvɫi
impatiently,ˌɪmˈpeɪʃəntɫi
impeccably,ˌɪmˈpɛkəbɫi
imperceptibly,ˌɪmpɝˈsɛptɪbɫi
imperfectly,ˌɪmˈpɝfɪktɫi
implicitly,ˌɪmˈpɫɪsətɫi
importantly,ˌɪmˈpɔɹtəntɫi
impossibly,ˌɪmˈpɑsəbɫi
impressively,ˌɪmˈpɹɛsɪvɫi
improperly,ˌɪmˈpɹɑpɝɫi
imprudently,ˌɪmˈpɹudəntɫi
in,ˈɪn
inaccurately,ˌɪˈnækjɝətɫi
inadequately,ˌɪˈnædəkwətɫi
inappropriately,ˌɪnəˈpɹɑpɹiətɫi
inaudibly,ˌɪˈnɔdəbɫi
incidentally,ˌɪnsɪˈdɛntəɫi
incognito,ˌɪnkɔɡˈnitoʊ
incoherently,ˌɪnkoʊˈhɪɹəntɫi
incomparably,ˌɪnˈkɑmpɝəbɫi
incompetently,ˌɪnˈkɑmpətəntɫi
inconclusively,ˌɪŋˈkɑnkɫusɪvɫi
incongruously,ˌɪŋˈkɔŋɹuəsɫi
incorrectly,ˌɪnkɝˈɛktɫi
increasingly,ɪnˈkɹisɪŋɡɫi
incredibly,ˌɪnˈkɹɛdəbɫi
indeed,ˌɪnˈdid
indefinitely,ˌɪnˈdɛfənətɫi
indelibly,ˌɪnˈdɛɫəbɫi
independently,ˌɪndɪˈpɛndəntɫi
indigenously,ˌɪnˈdɪdʒənəˌsɫi
indignantly,ˌɪnˈdɪɡnəntˌɫi
indirectly,ˌɪndɝˈɛktˌɫi
individually,ˌɪndɪˈvɪdʒəɫi
industrially,ˌɪnˈdəstɹiəɫi
inefficiently,ˌɪnɪˈfɪʃəntɫi
ineptly,ˌɪˈnɛptɫi
inescapably,ˌɪnɪˈskeɪpəbɫi
inevitably,ˌɪˈnɛvətəbɫi
inexcusably,ˌɪnɪkˈskjuzəbɫi
inexorably,ˌɪˈnɛksɝəbɫi
inextricably,ˌɪˈnɛkstɹɪˌkəbɫi
infinitely,ˈɪnfənətɫi
inflexibly,ˌɪnˈfɫɛksəbɫi
informally,ˌɪnˈfɔɹməɫi
infrequently,ˌɪnˈfɹikwəntɫi
ingeniously,ˌɪnˈdʒinjəsɫi
inherently,ɪnˈhɛɹəntɫi
inland,ˈɪnˌɫænd
innately,ˌɪˈneɪtɫi
innocently,ˈɪnəsəntɫi
inordinately,ˌɪˈnɔɹdənətɫi
inseparably,ˌɪnˈsɛpɝəbɫi
inshore,ˈɪnˈʃɔɹ
inside,ˈɪnˌsaɪd
insistently,ˌɪnˈsɪstəntɫi
insofar,ˈɪnsəfɑɹ
instantaneously,ˌɪnstənˈtæniəsɫi
instinctively,ˌɪnˈstɪŋktɪvˌɫi
institutionally,ˌɪnstɪˈtuʃənəˌɫi
insufficiently,ˌɪnsəˈfɪʃəntɫi
intellectually,ˌɪnəˈɫɛktʃuəɫi
intelligently,ˌɪnˈtɛɫɪdʒəntɫi
intelligibly,ˌɪnˈtɛɫədʒəbɫi
intensely,ˌɪnˈtɛnsɫi
intensively,ˌɪnˈtɛnsɪvɫi
intently,ˌɪnˈtɛntɫi
interchangeably,ˌɪnɝˈtʃeɪndʒəbɫi
interestingly,ˈɪntɝˌɛstɪŋɫi
interminably,ˈɪntɝmɪˌnæbɫi
intermittently,ˌɪntɝˈmɪtəntɫi
internally,ˌɪnˈtɝnəɫi
internationally,ˌɪnɝˈnæʃənəɫi
intravenously,ɪnˈtɹævənəsɫi
intrinsically,ˌɪnˈtɹɪnsɪkəɫi
intuitively,ˌɪnˈtuɪtɪvɫi
inversely,ˌɪnˈvɝsɫi
involuntarily,ˌɪnˌvɑɫənˈtɝəɫi
inward,ˈɪnwɝd
inwardly,ˈɪnwɝdɫi
ironically,aɪˈɹɑnɪkɫi
irrationally,ˌɪˈɹæʃənəɫi
irregardless,ˌɪɹəˈɡɑdɫəs
irregularly,ˌɪˈɹɛɡjəɫɝɫi
irreparably,ˌɪˈɹɛpɝəbɫi
irresponsibly,ˌɪɹəˈspɑnsəbɫi
irretrievably,ˌɪɹəˈtɹivəbɫi
irreversibly,ˌɪɹɪˈvɝsəbɫi
irrevocably,ˌɪˈɹɛvəkəbɫi
item,ˈaɪtəm
jauntily,ˈdʒɔntəɫi
jealously,ˈdʒɛɫəsɫi
jointly,ˈdʒɔɪntɫi
jokingly,ˈdʒoʊkɪŋɫi
journalistically,ˌdʒɝnəˈɫɪstɪkəɫi
judicially,dʒuˈdɪʃəɫi
judiciously,dʒuˈdɪʃɪsɫi
just,ˈdʒəst
justifiably,ˈdʒəstəˌfaɪəbɫi
justly,ˈdʒəstɫi
keenly,ˈkinɫi
kindly,ˈkaɪndɫi
laboriously,ɫəˈbɔɹiəsɫi
lamely,ˈɫeɪmɫi
landward,ˈɫændwɝd
large,ˈɫɑɹdʒ
largely,ˈɫɑɹdʒɫi
largo,ˈɫɑɹɡoʊ
last,ˈɫæs
lastingly,ˈɫæstɪŋɫi
late,ˈɫeɪt
later,ˈɫeɪtɝ
laterally,ˈɫætɝəˌɫi
laughingly,ˈɫæfɪŋɫi
lavishly,ˈɫævɪʃɫi
lazily,ˈɫæzəɫi
least,ˈɫist
leeward,ˈɫiwɝd
left,ˈɫɛft
legally,ˈɫiɡəɫi
legato,ɫəˈɡɑˌtoʊ
legislatively,ˈɫɛdʒɪˌsɫeɪtɪvɫi
legitimately,ɫəˈdʒɪtəmətɫi
lengthways,ˈɫɛŋθˌweɪz
lento,ˈɫɛntoʊ
less,ˈɫɛs
liberally,ˈɫɪˌbɝəˌɫi
lightly,ˈɫaɪtɫi
linearly,ˈɫɪniɝɫi
linguistically,ɫɪŋˈɡwɪstɪkɫi
listlessly,ˈɫɪstɫəsɫi
literally,ˈɫɪtɝəɫi
little,ˈɫɪtəɫ
live,ˈɫaɪv
locally,ˈɫoʊkəɫi
logically,ˈɫɑdʒɪkɫi
long,ˈɫɔŋ
longer,ˈɫɔŋɡɝ
longest,ˈɫɔŋɡəst
longingly,ˈɫɔŋɪŋɫi
loose,ˈɫus
loosely,ˈɫusɫi
loudly,ˈɫaʊdɫi
low,ˈɫoʊ
lowest,ˈɫoʊəst
loyally,ˈɫɔɪəɫi
lyrically,ˈɫɪɹɪkɫi
madly,ˈmædɫi
magically,ˈmædʒɪkəɫi
magnetically,mæɡˈnɛtɪkəɫi
majestically,məˈdʒɛstɪkəɫi
maliciously,məˈɫɪʃɪsɫi
manfully,ˈmænfəɫi
manually,ˈmænjuəɫi
marginally,ˈmɑɹdʒənəɫi
markedly,ˈmɑɹkədɫi
massively,ˈmæsɪvɫi
masterfully,ˈmæstɝfəɫi
materially,məˈtɪɹiəɫi
mathematically,ˌmæθəˈmætɪkəɫi
meaningfully,ˈminɪŋfəɫi
meanwhile,ˈminˌwaɪɫ
measurably,ˈmɛʒɝəbɫi
mechanically,məˈkænɪkɫi
medically,ˈmɛdəkɫi
medicinally,məˈdɪsənəɫi
meekly,ˈmikɫi
memorably,ˈmɛmɝəbɫi
menacingly,ˈmɛnəsɪŋɫi
mentally,ˈmɛnəɫi
mercilessly,ˈmɝsəɫəsɫi
merely,ˈmɪɹɫi
metaphorically,ˌmɛtəˈfɔɹɪkɫi
methodically,məˈθɑdɪkəɫi
meticulously,məˈtɪkjəɫəsɫi
metrically,ˈmɛtɹɪkəɫi
microscopically,ˌmaɪkɹəˈskɑpɪkɫi
midweek,ˈmɪdˌwik
mightily,ˈmaɪtəɫi
mighty,ˈmaɪti
mildly,ˈmaɪɫdɫi
militarily,ˌmɪɫəˈtɛɹəɫi
mindfully,ˈmaɪndfəɫi
mindlessly,ˈmaɪndɫəsɫi
minimally,ˈmɪnəməɫi
minutely,ˈmɪnətɫi
miraculously,mɝˈækjəɫəsɫi
miserably,ˈmɪzɝəbɫi
mistakenly,mɪˈsteɪkənɫi
moderately,ˈmɑdɝətɫi
momentarily,ˌmoʊmənˈtɛɹəɫi
monthly,ˈmənθɫi
morally,ˈmɔɹəɫi
morbidly,ˈmɔɹbədɫi
more,ˈmɔɹ
mortally,ˈmɔɹtəɫi
most,ˈmoʊs
movingly,ˈmuvɪŋɫi
much,ˈmətʃ
multiply,ˈməɫtəˌpɫaɪ
municipally,mjuˈnɪsɪpəɫi
musically,ˈmjuzɪkɫi
mutually,ˈmjutʃuəɫi
naively,nɑˈivɫi
namely,ˈneɪmɫi
narrowly,ˈnɛɹoʊɫi
nasally,ˈneɪzəɫi
nationally,ˈnæʃənəɫi
nattily,ˈnætəɫi
naturally,ˈnætʃɝəɫi
near,ˈnɪɹ
nearby,ˈnɪɹˈbaɪ
nearer,ˈnɪɹɝ
nearest,ˈnɪɹəst
neatly,ˈnitɫi
necessarily,ˌnɛsəˈsɛɹəɫi
needlessly,ˈnidɫəsɫi
negatively,ˈnɛɡətɪvɫi
negligently,ˈnɛɡɫɪdʒəntɫi
nervously,ˈnɝvəsɫi
never,ˈnɛvɝ
nevermore,ˈnɛvɝˌmɔɹ
next,ˈnɛks
nicely,ˈnaɪsɫi
ninefold,ˈnɪnˌfoʊɫd
no,ˈnoʊ
nobly,ˈnɑbɫi
noisily,ˈnɔɪzəɫi
nominally,ˈnɑmənəɫi
nonstop,ˌnɑnˈstɑp
normally,ˈnɔɹməɫi
north,ˈnɔɹθ
northeast,ˌnɔɹˈθist
northeastward,ˌnɔɹˈθistwɝd
northwest,ˌnɔɹθˈwɛst
not,ˈnɑt
notably,ˈnoʊtəbɫi
notoriously,noʊˈtɔɹiəsɫi
now,ˈnaʊ
nowadays,ˈnaʊəˌdeɪz
nowhere,ˈnoʊˌwɛɹ
numerically,nuˈmɛɹɪkɫi
nutritionally,nuˈtɹɪʃənəɫi
obediently,oʊˈbidiəntɫi
objectively,ɑbˈdʒɛktɪvɫi
obligingly,əˈbɫaɪdʒɪŋɫi
obliquely,əˈbɫikɫi
obscenely,ɑbˈsinəɫi
obviously,ˈɑbviəsɫi
occasionally,əˈkeɪʒənəɫi
off,ˈɔf
offensively,əˈfɛnsɪvɫi
offhand,ˈɔfˈhænd
officially,əˈfɪʃəɫi
offshore,ˈɔfˈʃɔɹ
offstage,ˈɔfˈsteɪdʒ
oftener,ˈɔfənɝ
okay,ˌoʊˈkeɪ
ominously,ˈɑmənəsɫi
on,ˈɑn
once,ˈwəns
only,ˈoʊnɫi
onshore,ˈɑnˌʃɔɹ
onstage,ˌɑnˈsteɪdʒ
openly,ˈoʊpənɫi
operationally,ˈɑpɝˈeɪʃənəɫi
optically,ˈɑptɪkɫi
optimistically,ˌɑptɪˈmɪstɪkəɫi
orally,ˈɔɹəɫi
organically,ɔɹˈɡænɪkɫi
originally,ɝˈɪdʒənəɫi
ornamentally,ˌɔɹnəˈmɛntəɫi
ornately,ɔɹˈneɪtɫi
ostentatiously,ˌɑstənˈteɪʃəsɫi
otherwise,ˈəðɝˌwaɪz
out,ˈaʊt
outrageously,ˌaʊˈtɹeɪdʒəsɫi
outright,ˈaʊˈtɹaɪt
outside,ˈaʊtˈsaɪd
outstandingly,ˌaʊtˈstændɪŋɫi
outward,ˈaʊtwɝd
outwardly,ˈaʊtwɝdɫi
over,ˈoʊvɝ
overboard,ˈoʊvɝˌbɔɹd
overhead,ˈoʊvɝˈhɛd
overnight,ˈoʊvɝˈnaɪt
oversea,ˌoʊvɝˈsi
overseas,ˈoʊvɝˈsiz
overtime,ˈoʊvɝˌtaɪm
overtly,oʊˈvɝtɫi
overwhelmingly,ˌoʊvɝˈwɛɫmɪŋɫi
painfully,ˈpeɪnfəɫi
painlessly,ˈpeɪnɫəsɫi
painstakingly,ˈpeɪnˌsteɪkɪŋɫi
palpably,ˈpæɫpəbɫi
paradoxically,ˌpɛɹəˈdɑksəkəɫi
parenthetically,pɝɛnˈθɛtɪkəɫi
particularly,ˌpɑɹˈtɪkjəɫɝɫi
passim,pæˈsim
passionately,ˈpæʃənətɫi
passively,ˈpæsɪvɫi
pat,ˈpæt
pathetically,pəˈθɛtɪkəɫi
pathologically,ˌpæθəˈɫɑdʒɪkɫi
patiently,ˈpeɪʃəntɫi
peaceably,ˈpisəbɫi
peacefully,ˈpisfəɫi
peculiarly,pɪkˈjuɫjɝɫi
perchance,pɝˈtʃæns
perennially,pɝˈɛniəɫi
perfectly,ˈpɝfəkɫi
perforce,pɝˈfɔɹs
perilously,ˈpɛɹəɫəsɫi
permanently,ˈpɝmənəntɫi
perpetually,pɝˈpɛtʃuəɫi
persistently,pɝˈsɪstəntɫi
personally,ˈpɝsənəɫi
persuasively,pɝˈsweɪsɪvɫi
pertinently,ˈpɝtɪnɪntɫi
perversely,pɝˈvɝsɫi
phenomenally,fəˈnɑmənəɫi
philosophically,ˌfɪɫəˈsɑfɪkəɫi
phonemic,fəˈnimɪk
phonetically,fəˈnɛtɪkɫi
physically,ˈfɪzɪkəɫi
physiologically,ˌfɪziəˈɫɑdʒɪkɫi
piano,piˈænə
piecemeal,ˈpisˌmiɫ
piggyback,ˈpɪɡiˌbæk
piously,ˈpaɪəsɫi
piping,ˈpaɪpɪŋ
pitifully,ˈpɪtɪfəɫi
placidly,ˈpɫæsɪdɫi
plainly,ˈpɫeɪnɫi
plaintively,ˈpɫeɪˌnaɪvɫi
playfully,ˈpɫeɪfəɫi
pleasantly,ˈpɫɛzəntɫi
please,ˈpɫiz
pleasingly,ˈpɫizɪŋɫi
plop,ˈpɫɑp
plumb,ˈpɫəm
plump,ˈpɫəmp
poetically,poʊˈɛtɪkɫi
pointedly,ˈpɔɪnədɫi
politely,pəˈɫaɪtɫi
politically,ˈpɫɪtɪkɫi
pop,ˈpɑp
popularly,ˈpɑpjəɫɝɫi
positively,ˈpɑzətɪvɫi
possibly,ˈpɑsəbɫi
posthumously,ˈpɑstʃʊməsɫi
powerfully,ˈpaʊɝfɫi
practically,ˈpɹæktɪkəɫi
pragmatically,pɹæɡˈmætɪkəɫi
precariously,pɹɪˈkɛɹiəsɫi
precious,ˈpɹɛʃəs
precipitously,ˌpɹiˈsɪpɪtəsɫi
precisely,pɹiˈsaɪsɫi
predictably,pɹɪˈdɪktəbɫi
predominantly,ˌpɹɪˈdɑmənəntˌɫi
preferably,ˈpɹɛfɝəbɫi
preferentially,ˌpɹɛfɝˈɛnʃəɫi
prematurely,ˌpɹiməˈtʃʊɹɫi
presently,ˈpɹɛzəntɫi
presidentially,ˌpɹɛsɪˈdɛnʃəɫi
presto,ˈpɹɛsˌtoʊ
presumably,pɹəˈzuməbɫi
previously,ˈpɹiviəsɫi
primarily,pɹaɪˈmɛɹəɫi
primly,ˈpɹɪmɫi
privately,ˈpɹaɪvətɫi
pro,ˈpɹoʊ
probabilistically,ˌpɹɑbəbɪˈɫɪstəkɫi
probably,ˈpɹɑbəˌbɫi
prodigiously,pɹoʊˈdɪdʒɪsɫi
productively,pɝˈdəktɪvɫi
professionally,pɹəˈfɛʃənəɫi
profoundly,pɹoʊˈfaʊndɫi
prohibitively,pɹoʊˈhɪbətɪvɫi
prominently,ˈpɹɑmənəntɫi
promptly,ˈpɹɑmpɫi
properly,ˈpɹɑpɝɫi
proportionately,pɹəˈpɔɹʃənətɫi
protectively,pɹəˈtɛktɪvɫi
proudly,ˈpɹaʊdɫi
provincially,pɹəˈvɪnʃəɫi
provisionally,pɹəˈvɪʒənəɫi
provocatively,pɹoʊˈvɑkətɪvɫi
prudently,ˈpɹudəntɫi
psychologically,ˌsaɪkəˈɫɑdʒɪkɫi
publicly,ˈpəbɫɪkɫi
pungently,ˈpəndʒəntɫi
punishingly,ˈpənɪʃɪŋɫi
purportedly,pɝˈpɔɹtɪdˌɫi
purposefully,ˈpɝpəsfəɫi
quaintly,ˈkweɪntɫi
qualitatively,ˌkwɑɫəˈteɪtɪvɫi
quantitatively,ˌkwɑntɪˈteɪtəvɫi
quarterly,ˈkwɔɹtɝɫi
quicker,ˈkwɪkɝ
quickest,ˈkwɪkɪst
quickly,ˈkwɪkɫi
quietly,ˈkwaɪətɫi
quite,ˈkwaɪt
racially,ˈɹeɪʃəɫi
radially,ˈɹeɪdiəɫi
radically,ˈɹædɪkɫi
randomly,ˈɹændəmɫi
rarely,ˈɹɛɹɫi
rather,ˈɹæðɝ
rationally,ˈɹæʃənəɫi
readily,ˈɹɛdəɫi
realistically,ˌɹiəˈɫɪstɪkɫi
reasonably,ˈɹizənəbɫi
reassuringly,ɹiəˈʃɝɪŋɫi
recently,ˈɹisənɫi
recklessly,ˈɹɛkɫəsɫi
recognizably,ˈɹɛkəɡˌnaɪzəbɫi
refreshingly,ɹiˈfɹɛʃɪŋɫi
regally,ˈɹiɡəɫi
regionally,ˈɹidʒənəɫi
regretfully,ɹɪˈɡɹɛtfəɫi
regularly,ˈɹɛɡjəɫɝɫi
relatively,ˈɹɛɫətɪvɫi
relentlessly,ɹɪˈɫɛntɫəsɫi
religiously,ɹɪˈɫɪdʒəsɫi
reluctantly,ɹɪˈɫəktəntɫi
remotely,ɹiˈmoʊtɫi
repeatedly,ɹɪˈpitɪdɫi
reportedly,ɹiˈpɔɹtədɫi
reputedly,ɹɪpˈjutɪdɫi
resolutely,ˈɹɛsəˌɫutɫi
respectably,ɹiˈspɛktəbɫi
respectfully,ɹɪˈspɛktfəɫi
respectively,ɹɪˈspɛktɪvɫi
responsibly,ɹɪˈspɑnsəbɫi
retroactively,ˌɹɛtɹoʊˈæktɪvɫi
retrospectively,ˌɹɛtɹoʊˈspɛktɪvɫi
rhetorically,ɹəˈtɔɹɪkɫi
rhythmically,ˈɹɪðmɪkɫi
right,ˈɹaɪt
righteously,ˈɹaɪtʃəsɫi
rightfully,ˈɹaɪtfəɫi
rightly,ˈɹaɪtɫi
rigidly,ˈɹɪdʒɪdɫi
rigorously,ˈɹɪɡɝəsɫi
roaring,ˈɹɔɹɪŋ
robustly,ˌɹoʊˈbəstɫi
romantically,ɹoʊˈmæntɪkəɫi
rotationally,ɹoʊˈteɪʃənəɫi
roughly,ˈɹəfɫi
round,ˈɹaʊnd
roundly,ˈɹaʊndɫi
royally,ˈɹɔɪəɫi
ruefully,ˈɹufəɫi
ruggedly,ˈɹəɡədɫi
ruthlessly,ˈɹuθɫəsɫi
sadly,ˈsædɫi
safely,ˈseɪfɫi
sarcastically,sɑɹˈkæstɪkɫi
satisfactorily,ˌsætɪsˈfæktɹəɫi
savagely,ˈsævɪdʒɫi
scantily,ˈskæntəɫi
scientifically,ˌsaɪənˈtɪfɪkəɫi
scorching,ˈskɔɹtʃɪŋ
screamingly,ˈskɹimɪŋɫi
scrupulously,ˈskɹupjəɫəsɫi
seasonally,ˈsizənəɫi
seaward,ˈsiwɝd
second,ˈsɛkənd
secondarily,ˌsɛkənˈdɛɹəɫi
secondhand,ˈsɛkəndˌhænd
secretly,ˈsikɹɪtɫi
securely,sɪkˈjʊɹɫi
sedately,sɪˈdeɪtɫi
seductively,səˈdəktɪvɫi
selectively,səˈɫɛktɪvɫi
semiannually,ˌsɛmaɪˈænuəɫi
sensitively,ˈsɛnsɪtɪvɫi
serenely,sɝˈinəɫi
seriously,ˈsɪɹiəsɫi
sevenfold,ˈsɛvənˌfoʊɫd
sexually,ˈsɛkʃuəɫi
sharply,ˈʃɑɹpɫi
sheepishly,ˈʃipɪʃɫi
sheer,ˈʃɪɹ
shockingly,ˈʃɑkɪŋɫi
short,ˈʃɔɹt
shortly,ˈʃɔɹtɫi
sic,ˈsɪk
sidearm,ˈsaɪdɑɹm
sideways,ˈsaɪdˌweɪz
significantly,sɪɡˈnɪfɪkəntɫi
similarly,ˈsɪməɫɝɫi
simply,ˈsɪmpɫi
simultaneously,ˌsaɪməɫˈteɪniəsɫi
sincerely,sɪnˈsɪɹɫi
singly,ˈsɪŋɡɫi
singularly,ˈsɪŋɡjəɫɝɫi
sinusoidally,ˌsaɪnəˈsɔɪdəɫi
sixfold,ˈsɪksˌfoʊɫd
skillfully,ˈskɪɫfəɫi
skyward,ˈskaɪwɝd
slapdash,ˈsɫæpˌdæʃ
slavishly,ˈsɫævɪʃɫi
sleepily,ˈsɫipəɫi
slightly,ˈsɫaɪtɫi
sloppily,ˈsɫɑpəɫi
slower,ˈsɫoʊɝ
slowest,ˈsɫoʊəst
slowly,ˈsɫoʊɫi
sluggishly,ˈsɫəɡɪʃɫi
small,ˈsmɔɫ
smartly,ˈsmɑɹtɫi
smash,ˈsmæʃ
smilingly,ˈsmaɪɫɪŋɫi
smoothly,ˈsmuðɫi
smugly,ˈsməɡɫi
snugly,ˈsnəɡɫi
so,ˈsoʊ
soaking,ˈsoʊkɪŋ
sobbingly,ˈsɑbɪŋɫi
socially,ˈsoʊʃəɫi
softly,ˈsɔfɫi
solemnly,ˈsɔɫəmɫi
solidly,ˈsɑɫədɫi
someday,ˈsəmˌdeɪ
somehow,ˈsəmˌhaʊ
sometime,ˈsəmˌtaɪm
sometimes,ˈsəmˌtaɪmz
somewhere,ˈsəmˌwɛɹ
soon,ˈsun
soonest,ˈsunəst
soothingly,ˈsuðɪŋɫi
sorely,ˈsɔɹɫi
soundly,ˈsaʊndɫi
south,ˈsaʊθ
southeast,ˌsaʊˈθist
southerly,ˈsəðɝɫi
southwest,ˌsaʊθˈwɛst
sparsely,ˈspɑɹsɫi
spasmodically,spæzˈmɔdɪkɫi
specially,ˈspɛʃəɫi
specifically,spəˈsɪfɪkɫi
spectacularly,spɛkˈtækjəɫɝɫi
spiritually,ˈspɪɹɪˌtʃuəˌɫi
spontaneously,spɑnˈteɪniəsɫi
sporadically,spɝˈædɪkɫi
sportingly,ˈspɔɹtɪŋɫi
squarely,ˈskwɛɹɫi
staccato,stəˈkɑˌtoʊ
stark,ˈstɑɹk
starkly,ˈstɑɹkɫi
startlingly,ˈstɑɹtɫɪŋˌɫi
statistically,stəˈtɪstɪkəɫi
statutorily,ˈstætʃəˌtɔɹəɫi
staunchly,ˈstɔntʃɫi
steadily,ˈstɛdəɫi
steeply,ˈstipɫi
stereotypically,ˌstɛɹioʊˈtɪpɪkəˌɫi
sternly,ˈstɝnɫi
stiff,ˈstɪf
stiffly,ˈstɪfɫi
still,ˈstɪɫ
stochastically,stoʊˈkæstɪkəˌɫi
stoically,ˈstoʊɪkɫi
stoutly,ˈstaʊtɫi
straight,ˈstɹeɪt
strategically,stɹəˈtidʒɪkɫi
strenuously,ˈstɹɛnjuəsɫi
strictly,ˈstɹɪktɫi
stridently,ˈstɹaɪdəntɫi
strikingly,ˈstɹaɪkɪŋɫi
strongly,ˈstɹɔŋɫi
structurally,ˈstɹəktʃɝəɫi
stubbornly,ˈstəbɝnɫi
studiously,ˈstudiəsɫi
stupidly,ˈstupədɫi
stylishly,ˈstaɪɫɪʃɫi
stylistically,staɪˈɫɪstɪkɫi
subconsciously,səbˈkɑnʃəsɫi
subsequently,ˈsəbsəkwəntɫi
substantially,səbˈstænʃəɫi
subtly,ˈsətəɫi
successfully,səkˈsɛsfəɫi
successively,səkˈsɛsɪvɫi
succinctly,səkˈsɪŋktɫi
such,ˈsətʃ
suddenly,ˈsədənɫi
sufficiently,səˈfɪʃəntɫi
summarily,səˈmɛɹɪɫi
superficially,ˈsupɝˌfɪʃəɫi
supremely,suˈpɹiməɫi
surely,ˈʃʊɹɫi
surgically,ˈsɝdʒɪkəɫi
surprisingly,səˈpɹaɪzɪŋɫi
surreptitiously,ˌsɝəpˈtɪʃəsɫi
suspiciously,səˈspɪʃəsɫi
sweetly,ˈswitɫi
swiftly,ˈswɪftɫi
symbolically,sɪmˈbɑɫɪkəɫi
symmetrically,səˈmɛtɹɪkɫi
sympathetically,ˌsɪmpəˈθɛtɪkəɫi
synonymously,səˈnɑnəməsɫi
synthetically,sɪnˈθɛtɪkɫi
systematically,ˌsɪstəˈmætɪkɫi
tacitly,ˈtæsɪtɫi
tactfully,ˈtæktfəɫi
tactically,ˈtæktɪkəɫi
tandem,ˈtændəm
tangentially,tænˈdʒɛnʃəɫi
tangibly,ˈtændʒəbɫi
tantalizingly,ˈtænəˌɫaɪzɪŋɫi
tartly,ˈtɑɹtɫi
tastefully,ˈteɪstfəɫi
tearfully,ˈtɪɹfəɫi
technically,ˈtɛknɪkəɫi
technologically,ˌtɛknəˈɫɑdʒɪkəɫi
tellingly,ˈtɛɫɪŋɫi
temperamentally,ˌtɛmpɝˈmɛnəɫi
temporally,ˈtɛmpɝəɫi
temporarily,ˌtɛmpɝˈɛɹəɫi
tenderly,ˈtɛndɝɫi
tenfold,ˈtɛnˌfoʊɫd
tensely,ˈtɛnsɫi
tentatively,ˈtɛntətɪvɫi
terminally,ˈtɝmənəɫi
terribly,ˈtɛɹəbɫi
territorially,ˌtɛɹɪˈtɔɹiəɫi
testily,ˈtɛstəɫi
thankfully,ˈθæŋkfəɫi
theatrically,θiˈætɹɪkəˌɫi
thematically,θəˈmætɪkɫi
then,ˈðɛn
thence,ˈðɛns
theologically,ˌθiəˈɫɑdʒɪkɫi
theoretically,ˌθiɝˈɛtɪkəɫi
therapeutically,ˌθɛɹəpˈjutɪkəɫi
there,ˈðɛɹ
thereafter,ðɛˈɹæftɝ
thereby,ˈðɛɹˈbaɪ
therefore,ˈðɛɹˌfɔɹ
therein,ðɛˈɹɪn
thereof,ˌðɛˈɹəv
thereon,ðɛˈɹɔn
thereto,ˈðɛɹˌtu
thick,ˈθɪk
thickly,ˈθɪkɫi
thinly,ˈθɪnɫi
third,ˈθɝd
thoroughly,ˈθɝoʊɫi
though,ˈðoʊ
thoughtfully,ˈθɔtfəɫi
threefold,ˈθɹiˌfoʊɫd
thrice,ˈθɹaɪs
through,ˈθɹu
throughout,θɹuˈaʊt
thus,ˈðəs
tightly,ˈtaɪtɫi
tiptoe,ˈtɪpˌtoʊ
today,təˈdeɪ
together,təˈɡɛðɝ
tomorrow,təˈmɑˌɹoʊ
tonight,təˈnaɪt
traditionally,tɹəˈdɪʃənəɫi
tragically,ˈtɹædʒɪkɫi
transparently,tɹænˈspɛɹəntɫi
tremulously,ˈtɹɛmjəɫəsɫi
triumphantly,tɹaɪˈəmfəntɫi
truly,ˈtɹuɫi
truthfully,ˈtɹuθfəɫi
twice,ˈtwaɪs
twofold,ˈtuˈfoʊɫd
typically,ˈtɪpɪkəɫi
unabashedly,ˌənəˈbæʃɪdɫi
unacceptably,ˌənækˈsɛptəbɫi
unaccountably,ˌənəˈkaʊntəbɫi
unalterably,əˈnɔɫtɝəbɫi
unambiguously,ənæmˈbɪɡjuəsɫi
unanimously,juˈnænəməsɫi
unashamedly,ˌənəˈʃeɪmədɫi
unawares,ˌənəˈwɛɹz
unbeknown,ˌənbiˈnoʊn
unbelievably,ˌənbəˈɫivəbɫi
unceremoniously,ˌənˌsɛɹəˈmoʊniəsɫi
uncertainly,ənˈsɝtənɫi
uncharacteristically,ˌənˌkɛɹɪktɝˈɪstɪkɫi
uncomfortably,ənˈkəmftəbɫi
uncommonly,ˌənˈkɑmənɫi
unconditionally,ˌənkənˈdɪʃənəɫi
unconsciously,ˌənˈkɑnʃəsɫi
unconstitutionally,ˌənˌkɑnstəˈtuʃənəɫi
uncontrollably,ˌənkənˈtɹoʊɫəbɫi
uncritically,ənˈkɹɪtɪkəɫi
undeniably,ˌəndɪˈnaɪəbɫi
under,ˈəndɝ
underarm,ˌəndɝˈɑɹm
underfoot,ˌəndɝˈfʊt
underground,ˈəndɝˌɡɹaʊnd
underneath,ˌəndɝˈniθ
undiplomatically,ənˌdɪpɫəˈmætɪkɫi
undoubtedly,ənˈdaʊtɪdɫi
unduly,ənˈduɫi
unethically,əˈnɛθɪkɫi
unevenly,əˈnivənɫi
unexpectedly,ˌənɪkˈspɛktɪdɫi
unfailingly,ənˈfeɪɫɪŋɫi
unfairly,ənˈfɛɹɫi
unfavorably,ənˈfeɪvɝəbɫi
unfortunately,ənˈfɔɹtʃənətɫi
unhappily,ənˈhæpəɫi
unhesitatingly,ənˈhɛzɪˌteɪtɪŋɫi
uniformly,ˈjunəˌfɔɹmɫi
unilaterally,ˌjunəˈɫætɝəɫi
unintentionally,ˌənɪnˈtɛnʃənəɫi
uniquely,juˈnikɫi
universally,ˌjunəˈvɝsəɫi
unjustifiably,ˌənˌdʒəstɪˈfaɪəbɫi
unjustly,ənˈdʒəstɫi
unlawfully,ənˈɫɔfəɫi
unmistakably,ˌənmɪˈsteɪkəbɫi
unnaturally,əˈnætʃɝɫi
unnecessarily,ənˈnɛsəˌsɛɹəɫi
unofficially,ənəˈfɪʃəɫi
unpleasantly,ənˈpɫɛzəntɫi
unprecedentedly,ənˈpɹɛsəˌdɛntɪdɫi
unquestionably,ənˈkwɛstʃənəbɫi
unrealistically,ənˌɹiəˈɫɪstɪkɫi
unreasonably,ənˈɹizənəbɫi
unseasonably,ənˈsizənəbɫi
unsuccessfully,ˌənsəkˈsɛsfəɫi
unusually,ənˈjuˌʒuəɫi
unwillingly,ənˈwɪɫɪŋɫi
unwittingly,ənˈwɪtɪŋɫi
up,ˈəp
uphill,ˈəpˈhɪɫ
uppermost,ˈəpɝˌmoʊst
upriver,ˌəˈpɹɪvɝ
upstage,əpˈsteɪdʒ
upstairs,əpˈstɛɹz
upstate,ˈəpˈsteɪt
uptown,ˈəpˈtaʊn
urgently,ˈɝdʒəntɫi
usefully,ˈjusfəɫi
vaguely,ˈveɪɡɫi
vainly,ˈveɪnɫi
valiantly,ˈvæɫjəntɫi
validly,ˈvæɫɪdɫi
variably,ˈvɛɹiəbɫi
variously,ˈvɛɹiəsɫi
vastly,ˈvæstɫi
vehemently,ˈviəməntɫi
verbally,vɝˈbæɫi
verbatim,vɝˈbeɪtəm
vertically,ˈvɝtɪkɫi
very,ˈvɛɹi
vicariously,vaɪˈkɛɹiəsɫi
viciously,ˈvɪʃəsɫi
vigorously,ˈvɪɡɝəsɫi
violently,ˈvaɪəɫəntɫi
virtually,ˈvɝtʃuəɫi
virulently,ˈvɪɹəɫəntɫi
viscerally,ˈvɪsɝəɫi
visibly,ˈvɪzəbɫi
visually,ˈvɪʒwəɫi
vitally,ˈvaɪtəɫi
vividly,ˈvɪvədɫi
vocally,ˈvoʊkəɫi
vociferously,vəˈsɪfɝəsɫi
volcanically,vɑɫˈkænɪkɫi
voluntarily,ˌvɑɫənˈtɛɹəɫi
wantonly,ˈwɑntənɫi
warily,ˈwɛɹəɫi
warmly,ˈwɔɹmɫi
way,ˈweɪ
weakly,ˈwikɫi
weirdly,ˈwɪɹdɫi
well,ˈwɛɫ
west,ˈwɛst
westerly,ˈwɛstɝɫi
westward,ˈwɛstwɝd
whacking,ˈhwækɪŋ
wholesale,ˈhoʊɫˌseɪɫ
wholly,ˈhoʊɫi
whopping,ˈhwɑpɪŋ
wickedly,ˈwɪkɪdɫi
wide,ˈwaɪd
widely,ˈwaɪdɫi
wild,ˈwaɪɫd
wildly,ˈwaɪɫdɫi
willfully,ˈwɪɫfəɫi
willingly,ˈwɪɫɪŋɫi
windward,ˈwɪndwɝd
wisely,ˈwaɪzɫi
wishfully,ˈwɪʃfəɫi
wistfully,ˈwɪstfəɫi
wittily,ˈwɪtəɫi
wittingly,ˈwɪtɪŋɫi
wonderfully,ˈwəndɝfəɫi
worse,ˈwɝs
worst,ˈwɝst
wretchedly,ˈɹɛtʃɪdɫi
wrongfully,ˈɹɔŋfəɫi
wrongly,ˈɹɔŋɫi
wryly,ˈɹaɪɫi
yesterday,ˈjɛstɝˌdeɪ
yet,ˈjɛt
zealously,ˈzɛɫəsɫi
zigzag,ˈzɪɡzæɡ
