abandon,əˈbændən
abate,əˈbeɪt
abbreviate,əˈbɹiviˌeɪt
abdicate,ˈæbdəˌkeɪt
abduct,æbˈdəkt
abet,əˈbɛt
abhor,æbˈhɔɹ
ablate,ˌəˈbɫeɪt
abolish,əˈbɑɫɪʃ
abort,əˈbɔɹt
abound,əˈbaʊnd
abrade,æˈbɹeɪd
abridge,əˈbɹɪdʒ
abrogate,ˈæbɹəˌɡeɪt
abscond,æbˈskɑnd
absent,ˈæbsənt
absolve,æbˈzɑɫv
absorb,əbˈzɔɹb
abstain,æbˈsteɪn
abstract,ˈæbˌstɹækt
abuse,əbˈjus
accede,ækˈsid
accelerate,ækˈsɛɫɝˌeɪt
accept,ækˈsɛpt
access,ˈækˌsɛs
accession,əkˈsɛʃən
acclaim,əˈkɫeɪm
accommodate,əˈkɑməˌdeɪt
accompany,əˈkəmpəni
accord,əˈkɔɹd
account,əˈkaʊnt
accredit,əˌkɹɛdət
accrue,əˈkɹu
accumulate,əkˈjumjəˌɫeɪt
accuse,əkˈjuz
ace,ˈeɪs
ache,ˈeɪk
achieve,əˈtʃiv
acidify,əˈsɪdəˌfaɪ
acknowledge,ækˈnɑɫɪdʒ
acquaint,əˈkweɪnt
acquire,əˈkwaɪɝ
acquit,əˈkwɪt
act,ˈækt
action,ˈækʃən
activate,ˈæktəˌveɪt
actualize,ˈækˌtʃuəˌɫaɪz
adapt,əˈdæpt
add,ˈæd
addict,ˈæˌdɪkt
addle,ˈædəɫ
address,ˈæˌdɹɛs
adduct,ˈædəkt
adhere,ədˈhɪɹ
adjoin,əˈdʒɔɪn
adjourn,əˈdʒɝn
adjust,əˈdʒəst
administer,ədˈmɪnəstɝ
admire,ædˈmaɪɹ
admit,ədˈmɪt
adopt,əˈdɑpt
adore,əˈdɔɹ
adulate,ˈædʒəˌɫeɪt
advance,ədˈvæns
advantage,ædˈvæntɪdʒ
advertise,ˈædvɝˌtaɪz
advise,ædˈvaɪz
affect,əˈfɛkt
affiliate,əˈfɪɫiˌeɪt
affirm,əˈfɝm
affix,ˈæfɪks
afflict,əˈfɫɪkt
afford,əˈfɔɹd
age,ˈeɪdʒ
agglomerate,əˈɡɫɑmɝˌeɪt
agglutinate,əˈɡɫutɪˌneɪt
aggregate,ˈæɡɹəɡeɪt
aggrieve,əˈɡɹiv
agitate,ˈædʒəˌteɪt
agonize,ˈæɡəˌnaɪz
agree,əˈɡɹi
ail,ˈeɪɫ
aim,ˈeɪm
air,ˈɛɹ
airlift,ˈɛɹˌɫɪft
airmail,ˈɛɹˌmeɪɫ
alarm,əˈɫɑɹm
alibi,ˈæɫəˌbaɪ
alien,ˈeɪɫiən
alight,əˈɫaɪt
align,əˈɫaɪn
alligator,ˈæɫəˌɡeɪtɝ
allocate,ˈæɫəˌkeɪt
allow,əˈɫaʊ
allowance,əˈɫaʊəns
alloy,ˈæˌɫɔɪ
allude,əˈɫud
ally,ˈæɫaɪ
alphabetize,ˈæɫfəbəˌtaɪz
alter,ˈɔɫtɝ
alternate,ˈɔɫtɝˌneɪt
aluminize,əˈɫuməˌnaɪz
amaze,əˈmeɪz
ambition,æmˈbɪʃən
amble,ˈæmbəɫ
ambulate,ˈæmbjəˌɫeɪt
ambush,ˈæmˌbʊʃ
amend,əˈmɛnd
amnesty,ˈæmnəsti
amortize,ˈæmɝˌtaɪz
amount,əˈmaʊnt
amplify,ˈæmpɫəˌfaɪ
amputate,ˈæmpjəˌteɪt
amuse,əmˈjuz
anagram,ˈænəˌɡɹæm
analyze,ˈænəˌɫaɪz
anchor,ˈæŋkɝ
anger,ˈæŋɡɝ
angle,ˈæŋɡəɫ
anguish,ˈæŋɡwɪʃ
angulate,ˈæŋɡjuˌɫeɪt
animate,ˈænəˌmeɪt
anneal,əˈniɫ
annex,ˈæˌnɛks
annotate,ˈænəˌteɪt
announce,əˈnaʊns
annoy,əˈnɔɪ
anoint,əˈnɔɪnt
answer,ˈænsɝ
antagonize,ænˈtæɡəˌnaɪz
ante,ˈænti
anticipate,ænˈtɪsəˌpeɪt
antiquate,ˈæntəˌkweɪt
antique,ænˈtik
ape,ˈeɪp
apologize,əˈpɑɫəˌdʒaɪz
appeal,əˈpiɫ
appear,əˈpɪɹ
append,əˈpɛnd
applaud,əˈpɫɔd
apply,əˈpɫaɪ
appoint,əˈpɔɪnt
appreciate,əˈpɹiʃiˌeɪt
apprehend,ˌæpɹɪˈhɛnd
apprentice,əˈpɹɛntəs
approach,əˈpɹoʊtʃ
appropriate,əˈpɹoʊpɹiˌeɪt
approve,əˈpɹuv
approximate,əˈpɹɑksəˌmeɪt
arbitrage,ˈɑɹbɪˌtɹɑʒ
arch,ˈɑɹtʃ
archive,ˈɑɹˌkaɪv
argue,ˈɑɹɡju
arise,ɝˈaɪz
arm,ˈɑɹm
armor,ˈɑɹmɝ
arouse,ɝˈaʊz
arraign,ɝˈeɪn
arrange,ɝˈeɪndʒ
arrive,ɝˈaɪv
arrogate,ˈæɹoʊˌɡeɪt
article,ˈɑɹtəkəɫ
articulate,ɑɹˈtɪkjəˌɫeɪt
ascend,əˈsɛnd
ascertain,ˌæsɝˈteɪn
ash,ˈæʃ
ask,ˈæsk
asphalt,ˈæsˌfɔɫt
aspirate,ˈæspɝˌeɪt
assail,əˈseɪɫ
assassinate,əˈsæsəˌneɪt
assay,ˈæsi
assemble,əˈsɛmbəɫ
assent,əˈsɛnt
assert,əˈsɝt
assess,əˈsɛs
assign,əˈsaɪn
assimilate,əˈsɪməˌɫeɪt
associate,əˈsoʊsiˌeɪt
assume,əˈsum
assure,əˈʃʊɹ
atrophy,ˈætɹəfi
attach,əˈtætʃ
attack,əˈtæk
attend,əˈtɛnd
attenuate,əˈtɛnjuˌeɪt
attest,əˈtɛst
attract,əˈtɹækt
attune,əˈtun
auction,ˈɑkʃən
audit,ˈɔdɪt
audition,ɑˈdɪʃən
augment,ɔɡˈmɛnt
augur,ˈɔɡɝ
authenticate,ɔˈθɛntəˌkeɪt
author,ˈɔθɝ
authorize,ˈɔθɝˌaɪz
autoclave,ˈɔtoʊˌkɫeɪv
autograph,ˈɔtəˌɡɹæf
automobile,ˈɔtəmoʊˌbiɫ
autopsy,ˈɔˌtɑpsi
avail,əˈveɪɫ
avalanche,ˈævəˌɫæntʃ
average,ˈævɝɪdʒ
avert,əˈvɝt
avoid,əˈvɔɪd
awaken,əˈweɪkən
award,əˈwɔɹd
awe,ˈɑ
ax,ˈæks
axe,ˈæks
azure,ˈæʒɝ
babbitt,ˈbæbɪt
babble,ˈbæbəɫ
bachelor,ˈbætʃəɫɝ
back,ˈbæk
backbite,ˈbækˌbaɪt
backdate,ˈbækˌdeɪt
backfire,ˈbækˌfaɪɹ
background,ˈbækˌɡɹaʊnd
backhand,ˈbækˌhænd
backlog,ˈbæˌkɫɑɡ
backpack,ˈbækˌpæk
backpedal,ˈbækˌpɛdəɫ
backslap,ˈbækˌsɫæp
backstitch,ˈbækstɪtʃ
backstop,ˈbækˌstɑp
backstroke,ˈbækˌstɹoʊk
backtrack,ˈbækˌtɹæk
badge,ˈbædʒ
badger,ˈbædʒɝ
baffle,ˈbæfəɫ
bag,ˈbæɡ
bail,ˈbeɪɫ
bait,ˈbeɪt
bake,ˈbeɪk
balance,ˈbæɫəns
bald,ˈbɔɫd
bale,ˈbeɪɫ
ball,ˈbɔɫ
ballast,ˈbæɫəst
balloon,bəˈɫun
ballot,ˈbæɫət
ballyhoo,ˈbæɫiˈhu
ban,ˈbæn
band,ˈbænd
bandage,ˈbændɪdʒ
bandy,ˈbændi
bang,ˈbæŋ
banish,ˈbænɪʃ
bank,ˈbæŋk
bankroll,ˈbæŋˌkɹoʊɫ
bankrupt,ˈbæŋkɹəpt
baptize,bæpˈtaɪz
bar,ˈbɑɹ
barb,ˈbɑɹb
barbeque,ˈbɑɹbɪkˌju
barber,ˈbɑɹbɝ
bare,ˈbɛɹ
bargain,ˈbɑɹɡən
barge,ˈbɑɹdʒ
bark,ˈbɑɹk
barnstorm,ˈbɑɹnˌstɔɹm
barrack,ˈbæɹək
barrel,ˈbæɹəɫ
barricade,ˈbæɹəˌkeɪd
barter,ˈbɑɹtɝ
bask,ˈbæsk
basset,ˈbæsɪt
baste,ˈbeɪst
bat,ˈbæt
batch,ˈbætʃ
bate,ˈbeɪt
bathe,ˈbeɪð
batik,bəˈtik
batten,ˈbætən
battle,ˈbætəɫ
bawl,ˈbɔɫ
bay,ˈbeɪ
bayonet,ˈbeɪəˌnɛt
be,ˈbi
beach,ˈbitʃ
beacon,ˈbikən
bead,ˈbid
beam,ˈbim
bean,ˈbin
bear,ˈbɛɹ
beard,ˈbɪɹd
beat,ˈbit
beatify,biˈætəˌfaɪ
beaver,ˈbivɝ
beckon,ˈbɛkən
become,bɪˈkəm
bed,ˈbɛd
bedizen,ˌbɪˈdizən
bedraggle,bɪˈdɹæɡəɫ
beep,ˈbip
beetle,ˈbitəɫ
befall,bɪˈfɔɫ
befit,bɪˈfɪt
befriend,bɪˈfɹɛnd
befuddle,bɪˈfədəɫ
beg,ˈbɛɡ
beget,bɪˈɡɛt
beggar,ˈbɛɡɝ
begin,bɪˈɡɪn
begrudge,bɪˈɡɹədʒ
behave,bɪˈheɪv
behold,bɪˈhoʊɫd
behoove,bɪˈhuv
belabor,bɪˈɫeɪbɝ
believe,bɪˈɫiv
bell,ˈbɛɫ
bellow,ˈbɛɫoʊ
belly,ˈbɛɫi
belong,bɪˈɫɔŋ
belt,ˈbɛɫt
bench,ˈbɛntʃ
bend,ˈbɛnd
benefit,ˈbɛnəfɪt
benight,biˈnaɪt
bequeath,bɪˈkwiθ
bereave,bɝˈiv
berry,ˈbɛɹi
berth,ˈbɝθ
beset,bɪˈsɛt
besiege,bɪˈsidʒ
bespeak,bɪˈspik
bestow,bɪˈstoʊ
bet,ˈbɛt
betray,bɪˈtɹeɪ
better,ˈbɛtɝ
bevel,ˈbɛvəɫ
bewilder,bɪˈwɪɫdɝ
bias,ˈbaɪəs
bicycle,ˈbaɪsɪkəɫ
bid,ˈbɪd
bide,ˈbaɪd
bifurcate,ˈbaɪfɝˌkeɪt
bight,ˈbaɪt
bilk,ˈbɪɫk
bill,ˈbɪɫ
billow,ˈbɪɫoʊ
bin,ˈbɪn
bind,ˈbaɪnd
birch,ˈbɝtʃ
bird,ˈbɝd
birdie,ˈbɝdi
bite,ˈbaɪt
bitter,ˈbɪtɝ
blackberry,ˈbɫækˌbɛɹi
blacken,ˈbɫækən
blacklist,ˈbɫæˌkɫɪst
blackmail,ˈbɫækˌmeɪɫ
blacktop,ˈbɫækˌtɑp
blame,ˈbɫeɪm
blanch,ˈbɫæntʃ
blank,ˈbɫæŋk
blanket,ˈbɫæŋkət
blast,ˈbɫæst
blaze,ˈbɫeɪz
bleach,ˈbɫitʃ
bleed,ˈbɫid
bleep,ˈbɫip
blemish,ˈbɫɛmɪʃ
blend,ˈbɫɛnd
bless,ˈbɫɛs
blight,ˈbɫaɪt
blind,ˈbɫaɪnd
blindfold,ˈbɫaɪndˌfoʊɫd
blindside,ˈbɫaɪndˌsaɪd
blink,ˈbɫɪŋk
blister,ˈbɫɪstɝ
blitz,ˈbɫɪts
blitzkrieg,ˈbɫɪtsˌkɹiɡ
block,ˈbɫɑk
blockade,ˌbɫɑˈkeɪd
blog,ˈbɫɔɡ
blood,ˈbɫəd
bloody,ˈbɫədi
bloom,ˈbɫum
blossom,ˈbɫɑsəm
blot,ˈbɫɑt
blow,ˈbɫoʊ
blubber,ˈbɫəbɝ
bludgeon,ˈbɫədʒən
blue,ˈbɫu
blueprint,ˈbɫuˌpɹɪnt
bluff,ˈbɫəf
blunt,ˈbɫənt
blur,ˈbɫɝ
blush,ˈbɫəʃ
bluster,ˈbɫəstɝ
board,ˈbɔɹd
boast,ˈboʊst
boat,ˈboʊt
bob,ˈbɑb
bobsled,ˈbɑbˌsɫɛd
bode,ˈboʊd
body,ˈbɑdi
bogey,ˈboʊɡi
boggle,ˈbɑɡəɫ
boil,ˈbɔɪɫ
boldface,ˈboʊɫdˌfeɪs
bolster,ˈboʊɫstɝ
bolt,ˈboʊɫt
bombard,bɑmˈbɑɹd
bond,ˈbɑnd
bone,ˈboʊn
bong,ˈbɑŋ
bonnet,ˈbɑnət
boo,ˈbu
boogie,ˈbuɡi
book,ˈbʊk
boom,ˈbum
boomerang,ˈbumɝˌæŋ
boondoggle,ˌbunˈdɑɡəɫ
boost,ˈbust
boot,ˈbut
bootleg,ˈbutˌɫɛɡ
bootstrap,ˈbutˌstɹæp
bop,ˈbɑp
border,ˈbɔɹdɝ
bore,ˈbɔɹ
borrow,ˈbɑˌɹoʊ
bosom,ˈbʊzəm
botch,ˈbɑtʃ
bother,ˈbɑðɝ
bottle,ˈbɑtəɫ
bottleneck,ˈbɑtəɫˌnɛk
bottom,ˈbɑtəm
bounce,ˈbaʊns
bound,ˈbaʊnd
bow,ˈbaʊ
bowl,ˈboʊɫ
bowse,ˈboʊs
box,ˈbɑks
boycott,ˈbɔɪˌkɑt
brace,ˈbɹeɪs
bracket,ˈbɹækɪt
brad,ˈbɹæd
braid,ˈbɹeɪd
braille,ˈbɹeɪɫ
brain,ˈbɹeɪn
brainstorm,ˈbɹeɪnˌstɔɹm
brainwash,ˈbɹeɪnˌwɑʃ
braise,ˈbɹeɪz
brake,ˈbɹeɪk
branch,ˈbɹæntʃ
brand,ˈbɹænd
brandish,ˈbɹændɪʃ
bravo,ˈbɹɑvoʊ
brawl,ˈbɹɔɫ
bray,ˈbɹeɪ
brazen,ˈbɹeɪzən
bread,ˈbɹɛd
break,ˈbɹeɪk
breakfast,ˈbɹɛkfəst
bream,ˈbɹim
breast,ˈbɹɛst
breastfeed,ˈbɹɛstfid
breathe,ˈbɹið
breed,ˈbɹid
breeze,ˈbɹiz
brew,ˈbɹu
bribe,ˈbɹaɪb
bridge,ˈbɹɪdʒ
bridle,ˈbɹaɪdəɫ
brief,ˈbɹif
brigade,bɹəˈɡeɪd
brighten,ˈbɹaɪtən
brim,ˈbɹɪm
brine,ˈbɹaɪn
bring,ˈbɹɪŋ
brisk,ˈbɹɪsk
bristle,ˈbɹɪsəɫ
broach,ˈbɹoʊtʃ
broadcast,ˈbɹɔdˌkæst
broaden,ˈbɹɔdən
broadside,ˈbɹɔdˌsaɪd
brocade,bɹoʊˈkeɪd
broil,ˈbɹɔɪɫ
broker,ˈbɹoʊkɝ
bronze,ˈbɹɑnz
brooch,ˈbɹoʊtʃ
brood,ˈbɹud
broom,ˈbɹum
browbeat,ˈbɹaʊˌbit
brown,ˈbɹaʊn
browse,ˈbɹaʊz
bruise,ˈbɹuz
brunch,ˈbɹəntʃ
brush,ˈbɹəʃ
brutalize,ˈbɹutəˌɫaɪz
bubble,ˈbəbəɫ
buccaneer,ˌbəkəˈniɹ
buck,ˈbək
bucket,ˈbəkət
buckle,ˈbəkəɫ
bud,ˈbəd
budget,ˈbədʒɪt
buff,ˈbəf
buffalo,ˈbəfəˌɫoʊ
buffer,ˈbəfɝ
buffet,ˈbəfət
bugle,ˈbjuɡəɫ
build,ˈbɪɫd
bulge,ˈbəɫdʒ
bull,ˈbʊɫ
bulldog,ˈbʊɫˌdɔɡ
bulldoze,ˈbʊɫˌdoʊz
bulletin,ˈbʊɫɪtən
bulletproof,ˈbʊɫətˌpɹuf
bulwark,ˈbʊɫwɝk
bum,ˈbəm
bumble,ˈbəmbəɫ
bump,ˈbəmp
bundle,ˈbəndəɫ
bung,ˈbəŋ
bunk,ˈbəŋk
bunker,ˈbəŋkɝ
bunt,ˈbənt
buoy,ˈbui
bur,ˈbɝ
burden,ˈbɝdən
burgeon,ˈbɝdʒən
burglarize,ˈbɝɡɫɝˌaɪz
burke,ˈbɝk
burl,ˈbɝɫ
burn,ˈbɝn
burp,ˈbɝp
burrow,ˈbɝoʊ
burst,ˈbɝst
bury,ˈbɛɹi
bus,ˈbəs
bush,ˈbʊʃ
bushwhack,ˈbʊʃˌwæk
bustle,ˈbəsəɫ
busy,ˈbɪzi
butcher,ˈbʊtʃɝ
butt,ˈbət
butter,ˈbətɝ
butterfly,ˈbətɝˌfɫaɪ
button,ˈbətən
buttress,ˈbətɹəs
buy,ˈbaɪ
buzz,ˈbəz
bypass,ˈbaɪˌpæs
cabin,ˈkæbən
cable,ˈkeɪbəɫ
cackle,ˈkækəɫ
caddie,ˈkædi
cage,ˈkeɪdʒ
calcify,ˈkæɫsəˌfaɪ
calculate,ˈkæɫkjəˌɫeɪt
calendar,ˈkæɫəndɝ
calender,ˈkæɫəndɝ
calibrate,ˈkæɫəˌbɹeɪt
caliper,ˈkæɫəpɝ
calk,ˈkɔk
call,ˈkɔɫ
callous,ˈkæɫəs
callus,ˈkæɫəs
calm,ˈkɑɫm
camber,ˈkæmbɝ
camouflage,ˈkæməˌfɫɑʒ
camp,ˈkæmp
campaign,kæmˈpeɪn
can,ˈkæn
canal,kəˈnæɫ
cancel,ˈkænsəɫ
candle,ˈkændəɫ
cane,ˈkeɪn
canker,ˈkæŋkɝ
cannibalize,ˈkænəbəˌɫaɪz
cannon,ˈkænən
canoe,kəˈnu
canonize,ˈkænəˌnaɪz
canopy,ˈkænəpi
cant,ˈkænt
canter,ˈkæntɝ
canton,ˈkæntən
canvas,ˈkænvəs
canvass,ˈkænvəs
cap,ˈkæp
caper,ˈkeɪpɝ
capitalize,ˈkæpətəˌɫaɪz
capitulate,kəˈpɪtʃuɫeɪt
capsize,ˈkæpˌsaɪz
capsule,ˈkæpsəɫ
captain,ˈkæptən
caption,ˈkæpʃən
capture,ˈkæptʃɝ
caramelize,ˈkɛɹəməˌɫaɪz
caravan,ˈkæɹəˌvæn
carbonate,ˈkɑɹbəˌneɪt
carbonize,ˈkɑɹbəˌnaɪz
card,ˈkɑɹd
care,ˈkɛɹ
careen,kɝˈin
career,kɝˈɪɹ
caress,kɝˈɛs
caricature,ˈkɛɹəkətʃɝ
carjack,ˈkɑɹˌdʒæk
carmine,ˈkɑɹmən
carol,ˈkæɹəɫ
carouse,kɝˈaʊz
carpenter,ˈkɑɹpəntɝ
carpet,ˈkɑɹpət
carry,ˈkæɹi
cart,ˈkɑɹt
cartoon,kɑɹˈtun
cartwheel,ˈkɑɹtˌwiɫ
carve,ˈkɑɹv
cascade,kæˈskeɪd
case,ˈkeɪs
cash,ˈkæʃ
cashier,kæˈʃɪɹ
casket,ˈkæskət
cast,ˈkæst
castigate,ˈkæstəˌɡeɪt
castle,ˈkæsəɫ
cat,ˈkæt
catalogue,ˈkætəˌɫɔɡ
catalyze,ˈkætəˌɫaɪz
catapult,ˈkætəˌpəɫt
catcall,ˈkætˌkɔɫ
catch,ˈkætʃ
categorize,ˈkætəɡɝˌaɪz
cater,ˈkeɪtɝ
caucus,ˈkɑkəs
caulk,ˈkɑk
cause,ˈkɑz
causeway,ˈkɑzˌweɪ
cauterize,ˈkɔtɝaɪz
caution,ˈkɑʃən
cave,ˈkeɪv
cavern,ˈkævɝn
caw,ˈkɔ
celebrate,ˈsɛɫəˌbɹeɪt
cement,səˈmɛnt
censor,ˈsɛnsɝ
census,ˈsɛnsəs
center,ˈsɛnɝ
centralize,ˈsɛntɹəˌɫaɪz
centrifuge,ˈsɛntɹəfˌjudʒ
certificate,sɝˈtɪfɪkət
certify,ˈsɝtəˌfaɪ
chafe,ˈtʃeɪf
chain,ˈtʃeɪn
chair,ˈtʃɛɹ
chalk,ˈtʃɑk
challenge,ˈtʃæɫəndʒ
chamber,ˈtʃeɪmbɝ
champ,ˈtʃæmp
champion,ˈtʃæmpiən
chance,ˈtʃæns
change,ˈtʃeɪndʒ
channel,ˈtʃænəɫ
chant,ˈtʃænt
chaperone,ˈʃæpɝˌoʊn
char,ˈtʃɑɹ
character,ˈkɛɹɪktɝ
characterize,ˈkɛɹəktɝˌaɪz
charcoal,ˈtʃɑɹˌkoʊɫ
charge,ˈtʃɑɹdʒ
chariot,ˈtʃɛɹiət
charm,ˈtʃɑɹm
chart,ˈtʃɑɹt
charter,ˈtʃɑɹtɝ
chase,ˈtʃeɪs
chasse,ˈtʃæs
chasten,ˈtʃeɪsən
chastise,tʃæˈstaɪz
chatter,ˈtʃætɝ
chaw,ˈtʃɔ
cheat,ˈtʃit
check,ˈtʃɛk
checker,ˈtʃɛkɝ
checkmate,ˈtʃɛkˌmeɪt
cheek,ˈtʃik
cheer,ˈtʃɪɹ
cheese,ˈtʃiz
cheque,ˈtʃɛk
chew,ˈtʃu
chill,ˈtʃɪɫ
chime,ˈtʃaɪm
chin,ˈtʃɪn
chink,ˈtʃɪŋk
chip,ˈtʃɪp
chisel,ˈtʃɪzəɫ
chitter,ˈtʃɪtɝ
chlorinate,ˈkɫɔɹəˌneɪt
chloroform,ˈkɫɔɹəˌfɔɹm
chock,ˈtʃɑk
choir,ˈkwaɪɝ
choke,ˈtʃoʊk
chomp,ˈtʃɑmp
choose,ˈtʃuz
chop,ˈtʃɑp
chord,ˈkɔɹd
choreograph,ˈkɔɹiəˌɡɹæf
chorus,ˈkɔɹəs
christmas,ˈkɹɪsməs
chrome,ˈkɹoʊm
chronicle,ˈkɹɑnɪkəɫ
chuck,ˈtʃək
chuckle,ˈtʃəkəɫ
chug,ˈtʃəɡ
church,ˈtʃɝtʃ
churn,ˈtʃɝn
chute,ˈʃut
cinch,ˈsɪntʃ
circle,ˈsɝkəɫ
circuit,ˈsɝkət
circularize,ˈsɝkjəɫɝˌaɪz
circulate,ˈsɝkjəˌɫeɪt
circumcise,ˈsɝkəmˌsaɪz
circumnavigate,ˌsɝkəmˈnævəˌɡeɪt
circumscribe,ˌsɝkəmsˈkɹaɪb
civilize,ˈsɪvəˌɫaɪz
claim,ˈkɫeɪm
clam,ˈkɫæm
clamber,ˈkɫæmbɝ
clamor,ˈkɫæmɝ
clamp,ˈkɫæmp
clang,ˈkɫæŋ
clank,ˈkɫæŋk
clap,ˈkɫæp
clapboard,ˈkɫæpˌbɔɹd
clarify,ˈkɫɛɹəˌfaɪ
clarion,ˈkɫɛɹiən
clash,ˈkɫæʃ
clasp,ˈkɫæsp
classify,ˈkɫæsəˌfaɪ
clatter,ˈkɫætɝ
claw,ˈkɫɔ
clean,ˈkɫin
cleanse,ˈkɫɛnz
clear,ˈkɫɪɹ
cleat,ˈkɫit
cleave,ˈkɫiv
clench,ˈkɫɛntʃ
clerk,ˈkɫɝk
click,ˈkɫɪk
climb,ˈkɫaɪm
clinch,ˈkɫɪntʃ
cling,ˈkɫɪŋ
clink,ˈkɫɪŋk
clip,ˈkɫɪp
clobber,ˈkɫɑbɝ
clock,ˈkɫɑk
clog,ˈkɫɑɡ
cloister,ˈkɫɔɪstɝ
clone,ˈkɫoʊn
close,ˈkɫoʊs
closet,ˈkɫɑzət
closure,ˈkɫoʊʒɝ
cloud,ˈkɫaʊd
clout,ˈkɫaʊt
clown,ˈkɫaʊn
cloy,ˈkɫɔɪ
club,ˈkɫəb
clue,ˈkɫu
clump,ˈkɫəmp
cluster,ˈkɫəstɝ
clutter,ˈkɫətɝ
coach,ˈkoʊtʃ
coal,ˈkoʊɫ
coalesce,ˌkoʊəˈɫɛs
coast,ˈkoʊst
coat,ˈkoʊt
cobble,ˈkɑbəɫ
cock,ˈkɑk
cocoon,kəˈkun
coddle,ˈkɑdəɫ
code,ˈkoʊd
codify,ˈkoʊdəˌfaɪ
coerce,koʊˈɝs
coexist,ˌkoʊəɡˈzɪst
coffin,ˈkɔfɪn
cog,ˈkɔɡ
cogitate,ˈkɑdʒɪˌteɪt
cohabit,koʊˈhæbɪt
cohere,koʊˈhɪɹ
coif,ˈkwɑf
coil,ˈkɔɪɫ
coin,ˈkɔɪn
coincide,ˌkoʊɪnˈsaɪd
coke,ˈkoʊk
collaborate,kəˈɫæbɝˌeɪt
collapse,kəˈɫæps
collar,ˈkɑɫɝ
collate,kəˈɫeɪt
collateralize,kəˈɫætɝəˌɫaɪz
collect,kəˈɫɛkt
collectivize,kəˈɫɛktɪˌvaɪz
collide,kəˈɫaɪd
colonize,ˈkɑɫəˌnaɪz
color,ˈkəɫɝ
comb,ˈkoʊm
combine,ˈkɑmbaɪn
combust,kəmˈbəst
come,ˈkəm
comfort,ˈkəmfɝt
command,kəˈmænd
commandeer,ˌkɑmənˈdɪɹ
commemorate,kəˈmɛmɝˌeɪt
commend,kəˈmɛnd
comment,ˈkɑmɛnt
commercialize,kəˈmɝʃəˌɫaɪz
commingle,kəˈmɪŋɡəɫ
commiserate,kəˈmɪsɝˌeɪt
commission,kəˈmɪʃən
commit,kəˈmɪt
commune,ˈkɑmjun
communicate,kəmˈjunəˌkeɪt
communize,ˈkɑmjəˌnaɪz
commutate,ˌkɑmjəˈteɪt
commute,kəmˈjut
compact,ˈkɑmpækt
company,ˈkəmpəˌni
compare,kəmˈpɛɹ
compartmentalize,kəmˌpɑɹtˈmɛntəˌɫaɪz
compass,ˈkəmpəs
compel,kəmˈpɛɫ
compensate,ˈkɑmpənˌseɪt
compete,kəmˈpit
compile,kəmˈpaɪɫ
complain,kəmˈpɫeɪn
complement,ˈkɑmpɫəmənt
complete,kəmˈpɫit
complexion,kəmˈpɫɛkʃən
complicate,ˈkɑmpɫəˌkeɪt
compliment,ˈkɑmpɫəmɛnt
comply,kəmˈpɫaɪ
compose,kəmˈpoʊz
compost,ˈkɑmpoʊst
compound,ˈkɑmpaʊnd
compress,ˈkɑmpɹɛs
compromise,ˈkɑmpɹəˌmaɪz
computerize,kəmˈpjutɝˌaɪz
concatenate,kənˈkætəˌneɪt
conceal,kənˈsiɫ
concede,kənˈsid
conceive,kənˈsiv
concentrate,ˈkɑnsənˌtɹeɪt
concern,kənˈsɝn
concert,ˈkɑnsɝt
concertina,kɑnsɝˈtinə
conclude,kənˈkɫud
concoct,kənˈkɑkt
concord,ˈkɑnˌkɔɹd
concrete,ˈkɑnkɹit
concur,kənˈkɝ
condemn,kənˈdɛm
condense,kənˈdɛns
condescend,ˌkɑndɪˈsɛnd
condition,kənˈdɪʃən
conduct,ˈkɑndəkt
cone,ˈkoʊn
confect,kənˈfɛkt
confederate,kənˈfɛdɝˌeɪt
confer,kənˈfɝ
confess,kənˈfɛs
confide,kənˈfaɪd
configure,kənˈfɪɡjɝ
confine,kənˈfaɪn
confirm,kənˈfɝm
conflict,ˈkɑnfɫɪkt
conform,kənˈfɔɹm
confront,kənˈfɹənt
confuse,kənˈfjuz
conga,ˈkɔŋɡə
congratulate,kənˈɡɹætʃəˌɫeɪt
congregate,ˈkɑŋɡɹəˌɡeɪt
conjugate,ˈkɑndʒəˌɡeɪt
conk,ˈkɑŋk
conn,ˈkɑn
connect,kəˈnɛkt
connive,kəˈnaɪv
connote,kəˈnoʊt
conquer,ˈkɑŋkɝ
conscript,ˈkɑnsˌkɹɪpt
consecrate,ˈkɑnsəˌkɹeɪt
conserve,kənˈsɝv
consider,kənˈsɪdɝ
consign,kənˈsaɪn
consist,kənˈsɪst
consolidate,kənˈsɑɫɪˌdeɪt
consort,kənˈsɔɹt
conspire,kənˈspaɪɝ
constipate,ˈkɑnstəˌpeɪt
constitute,ˈkɑnstəˌtut
constrict,kənˈstɹɪkt
construct,ˈkɑnstɹəkt
consult,kənˈsəɫt
consume,kənˈsum
consummate,ˈkɑnsəˌmeɪt
contain,kənˈteɪn
containerize,kənˈteɪnɝˌaɪz
contaminate,kənˈtæməˌneɪt
contemn,ˌkənˈtɛm
contemplate,ˈkɑntəmˌpɫeɪt
contend,kənˈtɛnd
content,ˈkɑntɛnt
contest,ˈkɑntɛst
continue,kənˈtɪnju
contort,kənˈtɔɹt
contour,ˈkɑnˌtʊɹ
contract,ˈkɑnˌtɹækt
contradict,ˌkɑntɹəˈdɪkt
contrast,ˈkɑntɹæst
contribute,kənˈtɹɪbjut
control,kənˈtɹoʊɫ
convene,kənˈvin
converge,kənˈvɝdʒ
converse,ˈkɑnvɝs
convert,ˈkɑnvɝt
convey,kənˈveɪ
convict,ˈkɑnvɪkt
convoke,kɑnˈvoʊk
convoy,ˈkɑnˌvɔɪ
coo,ˈku
cook,ˈkʊk
cool,ˈkuɫ
cooper,ˈkupɝ
coordinate,koʊˈɔɹdəˌneɪt
cope,ˈkoʊp
copper,ˈkɑpɝ
copulate,ˈkɑpjəˌɫeɪt
copy,ˈkɑpi
copyright,ˈkɑpiˌɹaɪt
corbel,ˈkɔɹbəɫ
cord,ˈkɔɹd
corduroy,ˈkɔɹdɝˌɔɪ
core,ˈkɔɹ
cork,ˈkɔɹk
corkscrew,ˈkɔɹksˌkɹu
corn,ˈkɔɹn
corner,ˈkɔɹnɝ
corral,kɝˈæɫ
correct,kɝˈɛkt
correlate,ˈkɔɹəˌɫeɪt
correspond,ˌkɔɹəˈspɑnd
corroborate,kɝˈɑbɝˌeɪt
corrugate,ˈkɔɹəˌɡeɪt
corrupt,kɝˈəpt
corset,ˈkɔɹsət
cosponsor,ˌkoʊˈspɔnsɝ
cost,ˈkɑst
costume,ˈkɑstum
cotton,ˈkɑtən
cough,ˈkɑf
count,ˈkaʊnt
counter,ˈkaʊntɝ
counteract,ˈkaʊntɝˌækt
counterattack,ˈkaʊntɝəˌtæk
counterchallenge,ˈkaʊntɝˌtʃæɫəndʒ
counterclaim,ˈkaʊntɝˌkɫeɪm
counterpoint,ˈkaʊntɝˌpɔɪnt
counterweight,ˈkaʊntɝˌweɪt
couple,ˈkəpəɫ
course,ˈkɔɹs
court,ˈkɔɹt
covenant,ˈkəvənənt
cover,ˈkəvɝ
covet,ˈkəvət
cowl,ˈkaʊɫ
cox,ˈkɑks
crab,ˈkɹæb
crack,ˈkɹæk
crackle,ˈkɹækəɫ
cradle,ˈkɹeɪdəɫ
craft,ˈkɹæft
cram,ˈkɹæm
cramp,ˈkɹæmp
crane,ˈkɹeɪn
crank,ˈkɹæŋk
crash,ˈkɹæʃ
crate,ˈkɹeɪt
crave,ˈkɹeɪv
crawl,ˈkɹɔɫ
crayon,ˈkɹeɪˌɑn
craze,ˈkɹeɪz
cream,ˈkɹim
create,kɹiˈeɪt
credit,ˈkɹɛdət
cremate,ˈkɹimeɪt
creolize,ˈkɹiˌoʊˌɫaɪz
creosote,ˈkɹiəˌsoʊt
crescendo,kɹɪˈʃɛndoʊ
crest,ˈkɹɛst
crew,ˈkɹu
crib,ˈkɹɪb
crick,ˈkɹɪk
cricket,ˈkɹɪkət
criminalize,ˈkɹɪmənəˌɫaɪz
crimp,ˈkɹɪmp
cripple,ˈkɹɪpəɫ
crispen,ˈkɹɪspən
crisscross,ˈkɹɪsˌkɹɔs
criticize,ˈkɹɪtɪˌsaɪz
croak,ˈkɹoʊk
crochet,kɹoʊˈʃeɪ
crock,ˈkɹɑk
crook,ˈkɹʊk
croon,ˈkɹun
crop,ˈkɹɑp
croquet,kɹoʊˈkeɪ
cross,ˈkɹɔs
crouch,ˈkɹaʊtʃ
crow,ˈkɹoʊ
crowd,ˈkɹaʊd
crown,ˈkɹaʊn
crucify,ˈkɹusəˌfaɪ
cruise,ˈkɹuz
crumb,ˈkɹəm
crumble,ˈkɹəmbəɫ
crump,ˈkɹəmp
crunch,ˈkɹəntʃ
crusade,kɹuˈseɪd
crush,ˈkɹəʃ
crust,ˈkɹəst
cry,ˈkɹaɪ
crystallize,ˈkɹɪstəˌɫaɪz
cub,ˈkəb
cube,ˈkjub
cuckoo,ˈkəˌku
cuddle,ˈkədəɫ
cudgel,ˈkədʒəɫ
cuff,ˈkəf
cull,ˈkəɫ
culminate,ˈkəɫmɪˌneɪt
cultivate,ˈkəɫtəˌveɪt
cup,ˈkəp
curb,ˈkɝb
cure,ˈkjʊɹ
curl,ˈkɝɫ
curry,ˈkəɹi
curse,ˈkɝs
curtain,ˈkɝtən
curtsy,ˈkɝtsi
cushion,ˈkʊʃən
customize,ˈkəstəˌmaɪz
cut,ˈkət
cycle,ˈsaɪkəɫ
dab,ˈdæb
dabble,ˈdæbəɫ
dado,ˈdeɪˌdoʊ
dally,ˈdæɫi
dam,ˈdæm
damage,ˈdæmədʒ
damp,ˈdæmp
dampen,ˈdæmpən
dance,ˈdæns
dangle,ˈdæŋɡəɫ
dare,ˈdɛɹ
darken,ˈdɑɹkən
darn,ˈdɑɹn
dart,ˈdɑɹt
dash,ˈdæʃ
date,ˈdeɪt
dateline,ˈdeɪtˌɫaɪn
daub,ˈdɔb
daunt,ˈdɔnt
dawn,ˈdɔn
daydream,ˈdeɪˌdɹim
dazzle,ˈdæzəɫ
deactivate,ˌdiˈæktɪˌveɪt
deaden,ˈdɛdən
deafen,ˈdɛfən
deal,ˈdiɫ
debase,dəˈbeɪs
debate,dəˈbeɪt
debit,ˈdɛbɪt
debrief,dɪˈbɹif
debug,diˈbəɡ
debunk,dɪˈbəŋk
debut,ˈdeɪbju
decaffeinate,diˈkæfəˌneɪt
decamp,dəˈkæmp
decant,dəˈkænt
decapitate,diˈkæpəˌteɪt
decay,dɪˈkeɪ
deceive,dɪˈsiv
decelerate,dɪˈsɛɫɝˌeɪt
decentralize,dɪˈsɛntɹəˌɫaɪz
decertify,diˈsɝtəˌfaɪ
decide,ˌdɪˈsaɪd
decimate,ˈdɛsəˌmeɪt
decipher,dɪˈsaɪfɝ
deck,ˈdɛk
declaim,dɪˈkɫeɪm
declare,dɪˈkɫɛɹ
declassify,dɪˈkɫæsəˌfaɪ
decline,dɪˈkɫaɪn
decode,dɪˈkoʊd
decommission,dikəˈmɪʃən
decompose,ˌdikəmˈpoʊz
deconstruct,ˌdikənˈstɹəkt
decontaminate,dikənˈtæməˌneɪt
decontrol,ˌdikənˈtɹoʊɫ
decorate,ˈdɛkɝˌeɪt
decouple,diˈkəpəɫ
decoy,dəˈkɔɪ
decrease,ˈdiˌkɹis
decree,dɪˈkɹi
dedicate,ˈdɛdəˌkeɪt
deduce,dɪˈdus
deem,ˈdim
deepen,ˈdipən
deface,dɪˈfeɪs
defame,dɪˈfeɪm
default,dɪˈfɔɫt
defect,ˈdifɛkt
defend,dɪˈfɛnd
define,dɪˈfaɪn
deflate,dɪˈfɫeɪt
deflect,dɪˈfɫɛkt
deforest,dɪˈfɔɹəst
deform,ˌdiˈfɔɹm
defray,dɪˈfɹeɪ
defrost,dɪˈfɹɔst
defuse,dɪfˈjuz
defy,dɪˈfaɪ
degas,ˈdeɪɡə
degrade,dɪˈɡɹeɪd
dehumanize,dɪˈhjumənaɪz
dehumidify,dihjuˈmɪdəfaɪ
dehydrate,dɪˈhaɪdɹeɪt
deify,ˈdiəˌfaɪ
delay,dɪˈɫeɪ
delegate,ˈdɛɫəˌɡeɪt
delete,dɪˈɫit
delight,dɪˈɫaɪt
delineate,dɪˈɫɪniˌeɪt
delist,ˌdiˈɫɪst
deliver,dɪˈɫɪvɝ
delouse,ˌdiˈɫaʊz
deluge,ˈdɛɫjudʒ
demand,dɪˈmænd
demilitarize,diˈmɪɫətɝˌaɪz
demobilize,dɪˈmoʊbəˌɫaɪz
democratize,dɪˈmɑkɹəˌtaɪz
demodulate,ˌdiˌmɑdʒəˈɫeɪt
demolish,dɪˈmɑɫɪʃ
demonize,ˈdiməˌnaɪz
demonstrate,ˈdɛmənˌstɹeɪt
demoralize,dɪˈmɔɹəˌɫaɪz
demote,dɪˈmoʊt
demur,dɪˈmɝ
demystify,diˈmɪstəˌfaɪ
denationalize,dɪˈnæʃənəˌɫaɪz
denature,dɪˈneɪtʃɝ
denote,dɪˈnoʊt
denounce,dɪˈnaʊns
denude,dɪˈnud
deny,dɪˈnaɪ
depart,dɪˈpɑɹt
depend,dɪˈpɛnd
depersonalize,diˈpɝsənəˌɫaɪz
deplore,dɪˈpɫɔɹ
deploy,dɪˈpɫɔɪ
depopulate,diˈpɑpjəˌɫeɪt
depose,dɪˈpoʊz
deposit,dəˈpɑzɪt
deprecate,ˈdɛpɹəˌkeɪt
depreciate,dɪˈpɹiʃiˌeɪt
depress,dɪˈpɹɛs
depressurize,dɪˈpɹɛʃɝˌaɪz
deprive,dɪˈpɹaɪv
derail,dɪˈɹeɪɫ
deregulate,diˈɹɛɡjəɫeɪt
deride,dɪˈɹaɪd
derive,dɝˈaɪv
descend,dɪˈsɛnd
describe,dɪsˈkɹaɪb
descry,dɛsˈkɹaɪ
desecrate,dɛsəˈkɹeɪt
desegregate,dɪˈsɛɡɹəˌɡeɪt
desensitize,dɪˈsɛnsəˌtaɪz
deserve,dɪˈzɝv
design,dɪˈzaɪn
designate,ˈdɛzəɡˌneɪt
desire,dɪˈzaɪɝ
despair,dɪˈspɛɹ
destabilize,dɪˈsteɪbəˌɫaɪz
destroy,dɪˈstɹɔɪ
destruct,dɪˈstɹəkt
detach,ˈdɪˌtætʃ
detail,ˈditeɪɫ
detect,dɪˈtɛkt
deter,dɪˈtɝ
deteriorate,dɪˈtɪɹiɝˌeɪt
determine,dəˈtɝmən
dethrone,diˈθɹoʊn
detonate,ˈdɛtəˌneɪt
detour,ˈditʊɹ
detox,ˈdiˌtɑks
detoxify,dɪˈtɑksəˌfaɪ
devalue,dɪˈvæɫˌju
devastate,ˈdɛvəˌsteɪt
develop,dɪˈvɛɫəp
deviate,ˈdiviˌeɪt
devil,ˈdɛvəɫ
devise,dɪˈvaɪs
devolve,dɪˈvɑɫv
devote,dɪˈvoʊt
devour,dɪˈvaʊɝ
diagnose,ˌdaɪəɡˈnoʊs
diagram,ˈdaɪəˌɡɹæm
dial,ˈdaɪəɫ
dibble,ˈdɪbəɫ
dice,ˈdaɪs
dicker,ˈdɪkɝ
dictate,ˈdɪkˌteɪt
die,ˈdaɪ
diet,ˈdaɪət
differ,ˈdɪfɝ
differentiate,ˌdɪfɝˈɛnʃiˌeɪt
diffract,dɪˈfɹækt
diffuse,dɪfˈjus
dig,ˈdɪɡ
digest,ˈdaɪdʒɛst
digitize,ˈdɪdʒəˌtaɪz
dignify,ˈdɪɡnəˌfaɪ
digress,daɪˈɡɹɛs
dike,ˈdaɪk
dilapidate,dəˈɫæpəˌdeɪt
dilate,ˌdaɪˈɫeɪt
dilute,daɪˈɫut
dim,ˈdɪm
dimension,dɪˈmɛnʃən
diminish,dɪˈmɪnɪʃ
dimple,ˈdɪmpəɫ
din,ˈdɪn
dine,ˈdaɪn
ding,ˈdɪŋ
dip,ˈdɪp
direct,daɪˈɹɛkt
dirty,ˈdɝti
disable,dɪˈseɪbəɫ
disabuse,dɪsəbˈjus
disadvantage,ˌdɪsədˈvænɪdʒ
disagree,dɪsəˈɡɹi
disappoint,ˌdɪsəˈpɔɪnt
disapprove,ˌdɪsəˈpɹuv
disarm,dɪˈsɑɹm
disassemble,ˌdɪsəˈsɛmbəɫ
disassociate,ˌdɪsəˈsoʊsieɪt
disavow,ˌdɪsəˈvaʊ
disband,dɪsˈbænd
disbar,ˌdɪsˈbɑɹ
disbelieve,dɪsbəˈɫiv
disburse,dɪsˈbɝs
discard,dɪˈskɑɹd
discharge,ˈdɪsˌtʃɑɹdʒ
discipline,ˈdɪsəpɫən
disclaim,dɪˈskɫeɪm
disclose,dɪˈskɫoʊz
discolor,dɪˈskəɫɝ
disconnect,dɪskəˈnɛkt
discontent,dɪskənˈtɛnt
discontinue,dɪskənˈtɪnju
discount,ˈdɪskaʊnt
discourage,dɪˈskɝɪdʒ
discourse,ˈdɪskɔɹs
discover,dɪˈskəvɝ
discredit,dɪsˈkɹɛdət
discriminate,dɪsˈkɹɪməˌneɪt
disembark,dɪsɛmˈbɑɹk
disembody,dɪsɪˈbɑdi
disenfranchise,dɪsɪnˈfɹænˌtʃaɪz
disengage,dɪsɪnˈɡeɪdʒ
disentangle,ˌdɪsənˈtæŋɡəɫ
disguise,dɪsˈɡaɪz
disgust,dɪsˈɡəst
dish,ˈdɪʃ
dishonor,dɪˈsɑnɝ
disinfect,dɪsɪnˈfɛkt
disintegrate,dɪˈsɪntəˌɡɹeɪt
disjoint,dɪsˈdʒɔɪnt
dislike,dɪˈsɫaɪk
dislocate,ˈdɪsɫoʊkeɪt
dislodge,dɪˈsɫɑdʒ
dismay,dɪsˈmeɪ
dismember,dɪsˈmɛmbɝ
dismiss,dɪsˈmɪs
disobey,ˌdɪsəˈbeɪ
disorder,dɪˈsɔɹdɝ
disorganize,dɪˈsɔɹɡəˌnaɪz
disorient,dɪˈsɔɹiˌɛnt
disparage,dɪˈspɛɹɪdʒ
dispatch,dɪˈspætʃ
dispense,dɪˈspɛns
disperse,dɪˈspɝs
displace,dɪsˈpɫeɪs
display,dɪsˈpɫeɪ
displease,dɪsˈpɫiz
dispose,dɪˈspoʊz
disprove,dɪsˈpɹuv
disqualify,dɪsˈkwɑɫəˌfaɪ
disrespect,ˌdɪsɹɪˈspɛkt
disrupt,dɪsˈɹəpt
diss,ˈdɪs
dissatisfy,dɪˈsætəsˌfaɪ
dissect,daɪˈsɛkt
dissemble,dɪˈsɛmbəɫ
dissent,dɪˈsɛnt
dissipate,ˈdɪsəˌpeɪt
dissolve,dɪˈzɑɫv
dissuade,dɪˈsweɪd
distance,ˈdɪstəns
distemper,dɪˈstɛmpɝ
distend,dɪˈstɛnd
distill,dɪˈstɪɫ
distinguish,dɪˈstɪŋɡwɪʃ
distract,dɪˈstɹækt
distress,dɪˈstɹɛs
distribute,dɪˈstɹɪbjut
distrust,dɪˈstɹəst
disturb,dɪˈstɝb
ditch,ˈdɪtʃ
dither,ˈdɪðɝ
ditto,ˈdɪtoʊ
dive,ˈdaɪv
diverge,dɪˈvɝdʒ
diversify,daɪˈvɝsəˌfaɪ
divert,daɪˈvɝt
divest,daɪˈvɛst
divide,dɪˈvaɪd
divine,dɪˈvaɪn
divorce,dɪˈvɔɹs
dizzy,ˈdɪzi
do,ˈdu
dock,ˈdɑk
docket,ˈdɑkət
doctor,ˈdɑktɝ
document,ˈdɑkjəmɛnt
dodge,ˈdɑdʒ
doff,ˈdɔf
dogfight,ˈdɑɡˌfaɪt
domesticate,dəˈmɛstəˌkeɪt
dominate,ˈdɑməˌneɪt
donate,ˈdoʊˌneɪt
doodle,ˈdudəɫ
doom,ˈdum
dope,ˈdoʊp
dose,ˈdoʊs
dot,ˈdɑt
dote,ˈdoʊt
double,ˈdəbəɫ
doubt,ˈdaʊt
douche,ˈduʃ
douse,ˈdaʊs
dovetail,ˈdəvˌteɪɫ
down,ˈdaʊn
downgrade,ˈdaʊnˈɡɹeɪd
dowse,ˈdaʊs
draft,ˈdɹæft
drag,ˈdɹæɡ
drain,ˈdɹeɪn
dramatize,ˈdɹæməˌtaɪz
drape,ˈdɹeɪp
draw,ˈdɹɔ
drawl,ˈdɹɔɫ
dream,ˈdɹim
dredge,ˈdɹɛdʒ
drench,ˈdɹɛntʃ
dress,ˈdɹɛs
dribble,ˈdɹɪbəɫ
drift,ˈdɹɪft
drill,ˈdɹɪɫ
drink,ˈdɹɪŋk
drip,ˈdɹɪp
drive,ˈdɹaɪv
drivel,ˈdɹɪvəɫ
drizzle,ˈdɹɪzəɫ
drone,ˈdɹoʊn
droop,ˈdɹup
drop,ˈdɹɑp
drown,ˈdɹaʊn
drug,ˈdɹəɡ
drum,ˈdɹəm
dry,ˈdɹaɪ
dub,ˈdəb
duck,ˈdək
duel,ˈduəɫ
dull,ˈdəɫ
dummy,ˈdəmi
dump,ˈdəmp
dun,ˈdən
dung,ˈdəŋ
dunk,ˈdəŋk
duplex,ˈduˌpɫɛks
duplicate,ˈdupɫəˌkeɪt
dusk,ˈdəsk
dust,ˈdəst
dwarf,ˈdwɔɹf
dwell,ˈdwɛɫ
dwindle,ˈdwɪndəɫ
dye,ˈdaɪ
dynamite,ˈdaɪnəˌmaɪt
eagle,ˈiɡəɫ
earn,ˈɝn
earth,ˈɝθ
ease,ˈiz
eat,ˈit
ebb,ˈɛb
echo,ˈɛkoʊ
eddy,ˈɛdi
edge,ˈɛdʒ
edit,ˈɛdət
editorialize,ˌɛdəˈtɔɹiəˌɫaɪz
educate,ˈɛdʒəˌkeɪt
efface,ɪˈfeɪs
effect,ˈifɛkt
egg,ˈɛɡ
ejaculate,ɪˈdʒækjuˌɫeɪt
eject,ɪˈdʒɛkt
elaborate,ɪˈɫæbɝˌeɪt
elapse,ɪˈɫæps
elate,ɪˈɫeɪt
elbow,ˈɛɫˌboʊ
elect,ɪˈɫɛkt
electioneer,ɪˌɫɛkʃəˈnɪɹ
electrify,ɪˈɫɛktɹəˌfaɪ
electrocute,ˌɪˈɫɛktɹəkˌjut
electroplate,ˌɪˈɫɛktɹəˌpɫeɪt
elicit,ɪˈɫɪsɪt
eliminate,ɪˈɫɪməˌneɪt
elope,ɪˈɫoʊp
elude,ɪˈɫud
emaciate,ɪˈmeɪʃiˌeɪt
emanate,ˈɛməˌneɪt
emancipate,ɪˈmænsəˌpeɪt
emasculate,əˈmæskjuˌɫeɪt
embalm,ɛmˈbɑm
embargo,ɛmˈbɑɹɡoʊ
embark,ɛmˈbɑɹk
embed,ɪmˈbɛd
embezzle,ɪmˈbɛzəɫ
embitter,ɛmˈbɪtɝ
emblazon,ɛmˈbɫeɪzən
embody,ɪmˈbɑdi
emboss,ɪmˈbɔs
embrace,ɛmˈbɹeɪs
embroider,ɪmˈbɹɔɪdɝ
embroil,ɛmˈbɹɔɪɫ
emcee,ˈɛmˈsi
emerge,ˈimɝdʒ
emigrate,ˈɛməˌɡɹeɪt
emit,ɪˈmɪt
empanel,ɪmˈpænəɫ
empower,ɪmˈpaʊɝ
empty,ˈɛmpti
emulate,ˈɛmjəˌɫeɪt
enable,ɛˈneɪbəɫ
enact,ɪˈnækt
enamel,ɪˈnæməɫ
encapsulate,ɛnˈkæpsəˌɫeɪt
encase,ɛnˈkeɪs
enchant,ɛnˈtʃænt
encircle,ɛnˈsɝkəɫ
enclose,ɪnˈkɫoʊz
encode,ɛnˈkoʊd
encore,ˈɑnˌkɔɹ
encourage,ɛnˈkɝɪdʒ
encroach,ɪnˈkɹoʊtʃ
encrust,ɛnˈkɹəst
end,ˈɛnd
endanger,ɛnˈdeɪndʒɝ
endear,ɛnˈdiɹ
endeavor,ɪnˈdɛvɝ
endorse,ɛnˈdɔɹs
endow,ɛnˈdaʊ
enfeeble,ɛnˈfibəɫ
enforce,ɛnˈfɔɹs
enfranchise,ɪnˈfɹænˌtʃaɪz
engage,ɛnˈɡeɪdʒ
engender,ɛnˈdʒɛndɝ
engineer,ˈɛndʒəˈnɪɹ
engrave,ɪnˈɡɹeɪv
engulf,ɪnˈɡəɫf
enhance,ɛnˈhæns
enjoin,ˌɛnˈdʒɔɪn
enjoy,ˌɛnˈdʒɔɪ
enlarge,ˌɛnˈɫɑɹdʒ
enlighten,ˌɛnˈɫaɪtən
enlist,ˌɛnˈɫɪst
enliven,ɛnˈɫaɪvən
enmesh,ɛnˈmɛʃ
ennoble,ɪˈnoʊbəɫ
enrage,ɛnˈɹeɪdʒ
enrich,ɛnˈɹɪtʃ
enroll,ɛnˈɹoʊɫ
ensconce,ɪnˈskɑns
enshrine,ɛnʃˈɹaɪn
enslave,ɛnˈsɫeɪv
ensnare,ɪnsˈnɛɹ
entail,ɛnˈteɪɫ
entangle,ɛnˈtæŋɡəɫ
enter,ˈɛnɝ
entertain,ˌɛnɝˈteɪn
enthuse,ɪnˈθuz
entice,ɪnˈtaɪs
entitle,ɛnˈtaɪtəɫ
entrance,ˈɛntɹəns
entrench,ɛnˈtɹɛntʃ
entrust,ɛnˈtɹəst
enumerate,ɪˈnumɝˌeɪt
envelop,ɪnˈvɛɫəp
envision,ɛnˈvɪʒən
envy,ˈɛnvi
epoxy,ɪˈpɑksi
equal,ˈikwəɫ
equalize,ˈikwəˌɫaɪz
equip,ɪˈkwɪp
erase,iˈɹeɪs
erode,ˈiɹoʊd
err,ˈɛɹ
erupt,ˈiɹəpt
escalade,ˌɛskəˈɫɑd
escalate,ˈɛskəˌɫeɪt
escape,ɪˈskeɪp
escort,ˈɛskɔɹt
espouse,ɪˈspaʊs
establish,ɪˈstæbɫɪʃ
estimate,ˈɛstəˌmeɪt
estrange,ɛˈstɹeɪndʒ
etch,ˈɛtʃ
eulogize,ˈjuɫəˌdʒaɪz
evacuate,iˈvækjəˌeɪt
evade,iˈveɪd
evaluate,iˈvæɫjuˌeɪt
evangelize,iˈvændʒəˌɫaɪz
evaporate,ɪˈvæpɝˌeɪt
even,ˈivɪn
evert,ɪˈvɝt
eviscerate,əˈvɪsɝˌeɪt
evolve,iˈvɑɫv
exacerbate,ɪɡˈzæsɝˌbeɪt
exalt,ɪɡˈzɔɫt
examine,ɪɡˈzæmɪn
excavate,ˈɛkskəˌveɪt
exceed,ɪkˈsid
excel,ɪkˈsɛɫ
excerpt,ˈɛksɝpt
exchange,ɪksˈtʃeɪndʒ
excise,ˈɛksaɪz
excite,ɪkˈsaɪt
exclaim,ɪkˈskɫeɪm
exclude,ɪkˈskɫud
excommunicate,ˌɛkskəmˈjunəˌkeɪt
excrete,ɪksˈkɹit
excuse,ɪkˈskjus
execute,ˈɛksəkˌjut
exemplify,ɪɡˈzɛmpɫəˌfaɪ
exempt,ɪɡˈzɛmpt
exercise,ˈɛksɝˌsaɪz
exert,ɪɡˈzɝt
exfoliate,ɛksˈfoʊɫieɪt
exhale,ɛksˈheɪɫ
exhaust,ɪɡˈzɔst
exhibit,ɪɡˈzɪbɪt
exist,ɪɡˈzɪst
exit,ˈɛɡzɪt
expand,ɪkˈspænd
expatriate,ɛkˈspeɪtɹiˌeɪt
expect,ɪkˈspɛkt
expedite,ˈɛkspɪˌdaɪt
expel,ɪkˈspɛɫ
experience,ɪkˈspɪɹiəns
experiment,ɪkˈspɛɹəmənt
expiate,ˈɛkspiˌeɪt
explain,ɪksˈpɫeɪn
explicate,ˈɛkspɫəˌkeɪt
explode,ɪksˈpɫoʊd
exploit,ˈɛksˌpɫɔɪt
explore,ɪksˈpɫɔɹ
export,ˈɛkspɔɹt
expose,ɪkˈspoʊz
express,ɪksˈpɹɛs
expropriate,ɛksˈpɹoʊpɹiˌeɪt
extend,ɪkˈstɛnd
extenuate,ɪkˈstɛnjuˌeɪt
exterminate,ɪkˈstɝməˌneɪt
extinguish,ɪkˈstɪŋɡwɪʃ
extirpate,ˈɛkstɝˌpeɪt
extort,ɛkˈstɔɹt
extract,ˈɛkˌstɹækt
extradite,ˈɛkstɹəˌdaɪt
extrapolate,ɛkˈstɹæpəˌɫeɪt
extricate,ˈɛkstɹəˌkeɪt
extrude,ɪkˈstɹud
exude,ɪɡˈzud
exult,ɪɡˈzəɫt
eye,ˈaɪ
eyewitness,ˈaɪˈwɪtnəs
fabricate,ˈfæbɹəˌkeɪt
face,ˈfeɪs
facilitate,fəˈsɪɫəˌteɪt
factor,ˈfæktɝ
fade,ˈfeɪd
fag,ˈfæɡ
faggot,ˈfæɡət
fail,ˈfeɪɫ
fair,ˈfɛɹ
falcon,ˈfæɫkən
fall,ˈfɑɫ
falsify,ˈfɔɫsəˌfaɪ
falter,ˈfɔɫtɝ
familiarize,fəˈmɪɫjɝˌaɪz
fan,ˈfæn
fancy,ˈfænsi
fantasy,ˈfænəsi
farce,ˈfɑɹs
fare,ˈfɛɹ
farm,ˈfɑɹm
farrow,ˈfɛˌɹoʊ
fart,ˈfɑɹt
fascinate,ˈfæsəˌneɪt
fashion,ˈfæʃən
fast,ˈfæst
fasten,ˈfæsən
fathom,ˈfæðəm
fatten,ˈfætən
favor,ˈfeɪvɝ
fawn,ˈfɔn
fax,ˈfæks
faze,ˈfeɪz
fear,ˈfɪɹ
feast,ˈfist
feather,ˈfɛðɝ
featherbed,ˈfɛðɝˌbɛd
federalize,ˈfɛdɝəˌɫaɪz
federate,ˈfɛdɝˌeɪt
feed,ˈfid
feel,ˈfiɫ
feign,ˈfeɪn
feint,ˈfeɪnt
fell,ˈfɛɫ
felt,ˈfɛɫt
fence,ˈfɛns
fend,ˈfɛnd
ferment,ˈfɝmɛnt
ferret,ˈfɛɹət
ferry,ˈfɛɹi
fertilize,ˈfɝtəˌɫaɪz
fester,ˈfɛstɝ
festoon,ˌfɛsˈtun
fetch,ˈfɛtʃ
fetter,ˈfɛtɝ
feud,ˈfjud
fictionalize,ˈfɪkʃənəˌɫaɪz
fiddle,ˈfɪdəɫ
fidget,ˈfɪdʒɪt
field,ˈfiɫd
fight,ˈfaɪt
figure,ˈfɪɡjɝ
file,ˈfaɪɫ
filibuster,ˈfɪɫəˌbəstɝ
filigree,ˈfɪɫəˌɡɹi
fill,ˈfɪɫ
fillet,fəˈɫeɪ
film,ˈfɪɫm
filter,ˈfɪɫtɝ
fin,ˈfɪn
finalize,ˈfaɪnəˌɫaɪz
finance,ˈfaɪˌnæns
financier,ˌfaɪnænˈsɪɹ
find,ˈfaɪnd
finger,ˈfɪŋɡɝ
fingerprint,ˈfɪŋɡɝˌpɹɪnt
finish,ˈfɪnɪʃ
fink,ˈfɪŋk
fire,ˈfaɪɝ
firebomb,ˈfaɪɝˌbɑm
fireproof,ˈfaɪɝˌpɹuf
fish,ˈfɪʃ
fissure,ˈfɪʃɝ
fit,ˈfɪt
fix,ˈfɪks
fixate,ˈfɪkˌseɪt
flabbergast,ˈfɫæbɝˌɡæst
flag,ˈfɫæɡ
flagellate,ˈfɫædʒəˌɫeɪt
flail,ˈfɫeɪɫ
flake,ˈfɫeɪk
flame,ˈfɫeɪm
flank,ˈfɫæŋk
flap,ˈfɫæp
flare,ˈfɫɛɹ
flash,ˈfɫæʃ
flatten,ˈfɫætən
flatter,ˈfɫætɝ
flaunt,ˈfɫɔnt
flaw,ˈfɫɔ
flay,ˈfɫeɪ
fledge,ˈfɫɛdʒ
flee,ˈfɫi
fleece,ˈfɫis
fleer,ˈfɫɪɹ
flesh,ˈfɫɛʃ
flex,ˈfɫɛks
flick,ˈfɫɪk
flicker,ˈfɫɪkɝ
flight,ˈfɫaɪt
flinch,ˈfɫɪntʃ
fling,ˈfɫɪŋ
flip,ˈfɫɪp
flit,ˈfɫɪt
float,ˈfɫoʊt
flock,ˈfɫɑk
flog,ˈfɫɑɡ
flood,ˈfɫəd
floodlight,ˈfɫədˌɫaɪt
flop,ˈfɫɑp
floss,ˈfɫɑs
flounce,ˈfɫaʊns
flounder,ˈfɫaʊndɝ
flour,ˈfɫaʊɝ
flow,ˈfɫoʊ
fluctuate,ˈfɫəktʃəˌweɪt
fluoresce,ˌfɫɔˈɹɛs
flurry,ˈfɫɝi
flush,ˈfɫəʃ
fluster,ˈfɫəstɝ
flute,ˈfɫut
fly,ˈfɫaɪ
foal,ˈfoʊɫ
foam,ˈfoʊm
focus,ˈfoʊkəs
fodder,ˈfɑdɝ
foil,ˈfɔɪɫ
foist,ˈfɔɪst
fold,ˈfoʊɫd
foliate,ˈfoʊɫiˌeɪt
follow,ˈfɑɫoʊ
fool,ˈfuɫ
foot,ˈfʊt
forage,ˈfɔɹɪdʒ
foray,ˈfɔɹeɪ
forbid,fɝˈbɪd
force,ˈfɔɹs
ford,ˈfɔɹd
forearm,ˈfɔˌɹɑɹm
forecast,ˈfɔɹˌkæst
foreclose,fɔɹˈkɫoʊz
foreground,ˈfɔɹˌɡɹaʊnd
forewarn,fɔɹˈwɔɹn
forfeit,ˈfɔɹfɪt
forge,ˈfɔɹdʒ
forget,fɝˈɡɛt
forgive,fɝˈɡɪv
fork,ˈfɔɹk
form,ˈfɔɹm
formalize,ˈfɔɹməˌɫaɪz
format,ˈfɔɹˌmæt
formulate,ˈfɔɹmjəˌɫeɪt
fort,ˈfɔɹt
fortify,ˈfɔɹtɪˌfaɪ
forward,ˈfɔɹwɝd
fossilize,ˈfɑsəˌɫaɪz
foster,ˈfɑstɝ
foul,ˈfaʊɫ
founder,ˈfaʊndɝ
fowl,ˈfaʊɫ
foxtrot,ˈfɑkstɹɑt
fracture,ˈfɹækʃɝ
frame,ˈfɹeɪm
franchise,ˈfɹænˌtʃaɪz
frank,ˈfɹæŋk
frap,ˈfɹæp
fraternize,ˈfɹætɝˌnaɪz
fray,ˈfɹeɪ
frazzle,ˈfɹæzəɫ
freckle,ˈfɹɛkəɫ
free,ˈfɹi
freelance,ˈfɹiˌɫæns
freeze,ˈfɹiz
freight,ˈfɹeɪt
frequent,ˈfɹiˌkwɛnt
fresco,ˈfɹɛskoʊ
freshen,ˈfɹɛʃən
fret,ˈfɹɛt
frighten,ˈfɹaɪtən
fringe,ˈfɹɪndʒ
frisk,ˈfɹɪsk
fritter,ˈfɹɪtɝ
frizzle,ˈfɹɪzəɫ
frock,ˈfɹɑk
frog,ˈfɹɑɡ
frolic,ˈfɹɑɫɪk
front,ˈfɹənt
frost,ˈfɹɔst
froth,ˈfɹɔθ
frown,ˈfɹaʊn
fruit,ˈfɹut
fry,ˈfɹaɪ
fudge,ˈfədʒ
fuel,ˈfjuəɫ
full,ˈfʊɫ
fullback,ˈfʊɫˌbæk
fulminate,ˈfʊɫməˌneɪt
fumble,ˈfəmbəɫ
fume,ˈfjum
fumigate,ˈfjuməˌɡeɪt
function,ˈfəŋkʃən
fund,ˈfənd
funnel,ˈfənəɫ
furlough,ˈfɝɫoʊ
furnish,ˈfɝnɪʃ
furrow,ˈfɝoʊ
fuse,ˈfjuz
fusillade,ˈfjusɪˌɫeɪd
fuss,ˈfəs
gag,ˈɡæɡ
gaggle,ˈɡæɡəɫ
gain,ˈɡeɪn
gall,ˈɡɔɫ
gallop,ˈɡæɫəp
galvanize,ˈɡæɫvəˌnaɪz
gamble,ˈɡæmbəɫ
gang,ˈɡæŋ
gap,ˈɡæp
gape,ˈɡeɪp
garage,ɡɝˈɑʒ
garden,ˈɡɑɹdən
garland,ˈɡɑɹɫənd
garner,ˈɡɑɹnɝ
garrison,ˈɡæɹɪsən
garter,ˈɡɑɹtɝ
gas,ˈɡæs
gasify,ˌɡæsəˌfaɪ
gate,ˈɡeɪt
gather,ˈɡæðɝ
gauge,ˈɡeɪdʒ
gaze,ˈɡeɪz
gazette,ɡəˈzɛt
gear,ˈɡɪɹ
gee,ˈdʒi
gel,ˈdʒɛɫ
geminate,ˈdʒɛməˌneɪt
general,ˈdʒɛnɝəɫ
generalize,ˈdʒɛnɝəˌɫaɪz
generate,ˈdʒɛnɝˌeɪt
gentle,ˈdʒɛnəɫ
germinate,ˈdʒɝməˌneɪt
gerrymander,ˈdʒɛɹiˌmændɝ
gestate,ˈdʒɛsˌteɪt
get,ˈɡɛt
geyser,ˈɡaɪzɝ
ghettoize,ˈɡɛtoʊˌaɪz
ghost,ˈɡoʊst
giggle,ˈɡɪɡəɫ
gild,ˈɡɪɫd
gin,ˈdʒɪn
ginger,ˈdʒɪndʒɝ
gird,ˈɡɝd
girdle,ˈɡɝdəɫ
girth,ˈɡɝθ
give,ˈɡɪv
glaciate,ˈɡɫeɪsiˌeɪt
gladden,ˈɡɫædən
glamorize,ˈɡɫæmɝˌaɪz
glance,ˈɡɫæns
glare,ˈɡɫɛɹ
glass,ˈɡɫæs
glaze,ˈɡɫeɪz
gleam,ˈɡɫim
glide,ˈɡɫaɪd
glimpse,ˈɡɫɪmps
glitter,ˈɡɫɪtɝ
gloat,ˈɡɫoʊt
globalize,ˈɡɫoʊbəˌɫaɪz
glorify,ˈɡɫɔɹəˌfaɪ
glory,ˈɡɫɔɹi
gloss,ˈɡɫɔs
glow,ˈɡɫoʊ
glower,ˈɡɫaʊɝ
glue,ˈɡɫu
gnarl,ˈnɑɹɫ
gnash,ˈnæʃ
gnaw,ˈnɔ
go,ˈɡoʊ
goad,ˈɡoʊd
gobble,ˈɡɑbəɫ
goggle,ˈɡɑɡəɫ
golf,ˈɡɑɫf
gong,ˈɡɔŋ
goose,ˈɡus
gore,ˈɡɔɹ
gorge,ˈɡɔɹdʒ
gouge,ˈɡaʊdʒ
govern,ˈɡəvɝn
gown,ˈɡaʊn
grab,ˈɡɹæb
gradate,ˈɡɹeɪdeɪt
grade,ˈɡɹeɪd
graduate,ˈɡɹædʒəˌweɪt
graft,ˈɡɹæft
grain,ˈɡɹeɪn
grandstand,ˈɡɹændˌstænd
grant,ˈɡɹænt
graph,ˈɡɹæf
grapple,ˈɡɹæpəɫ
grasp,ˈɡɹæsp
grass,ˈɡɹæs
grate,ˈɡɹeɪt
gratify,ˈɡɹætəˌfaɪ
gravel,ˈɡɹævəɫ
gravitate,ˈɡɹævɪˌteɪt
graze,ˈɡɹeɪz
grease,ˈɡɹis
green,ˈɡɹin
greet,ˈɡɹit
grey,ˈɡɹeɪ
grieve,ˈɡɹiv
grill,ˈɡɹɪɫ
grimace,ˈɡɹɪməs
grind,ˈɡɹaɪnd
grip,ˈɡɹɪp
gripe,ˈɡɹaɪp
grit,ˈɡɹɪt
grizzle,ˈɡɹɪzəɫ
groan,ˈɡɹoʊn
groom,ˈɡɹum
groove,ˈɡɹuv
grope,ˈɡɹoʊp
gross,ˈɡɹoʊs
grouch,ˈɡɹaʊtʃ
ground,ˈɡɹaʊnd
group,ˈɡɹup
grouse,ˈɡɹaʊs
grout,ˈɡɹaʊt
grow,ˈɡɹoʊ
grub,ˈɡɹəb
grudge,ˈɡɹədʒ
grumble,ˈɡɹəmbəɫ
guarantee,ˌɡɛɹənˈti
guard,ˈɡɑɹd
guess,ˈɡɛs
guesstimate,ˈɡɛstɪmeɪt
guffaw,ɡəˈfɔ
guide,ˈɡaɪd
guillotine,ˈɡijəˌtin
gull,ˈɡəɫ
gulp,ˈɡəɫp
gum,ˈɡəm
gun,ˈɡən
gurgle,ˈɡɝɡəɫ
gut,ˈɡət
gutter,ˈɡətɝ
guy,ˈɡaɪ
guzzle,ˈɡəzəɫ
gyrate,ˈdʒaɪˌɹeɪt
habit,ˈhæbət
hack,ˈhæk
haggle,ˈhæɡəɫ
hail,ˈheɪɫ
hallucinate,həˈɫusəneɪt
halt,ˈhɔɫt
halter,ˈhɔɫtɝ
halve,ˈhæv
hammer,ˈhæmɝ
hamper,ˈhæmpɝ
hamstring,ˈhæmˌstɹɪŋ
hand,ˈhænd
handcraft,ˈhændˌkɹæft
handicap,ˈhændiˌkæp
handle,ˈhændəɫ
hang,ˈhæŋ
hanker,ˈhæŋkɝ
happen,ˈhæpən
harangue,hɝˈæŋ
harass,hɝˈæs
harbor,ˈhɑɹbɝ
harden,ˈhɑɹdən
hare,ˈhɛɹ
hark,ˈhɑɹk
harlequin,ˈhɑɹɫəkwən
harm,ˈhɑɹm
harmonize,ˈhɑɹməˌnaɪz
harness,ˈhɑɹnəs
harp,ˈhɑɹp
harpoon,hɑɹˈpun
harrow,ˈhæɹoʊ
harry,ˈhɛɹi
harvest,ˈhɑɹvəst
hash,ˈhæʃ
hat,ˈhæt
hatch,ˈhætʃ
hate,ˈheɪt
haul,ˈhɔɫ
haunt,ˈhɔnt
have,ˈhæv
hawk,ˈhɔk
hay,ˈheɪ
haze,ˈheɪz
head,ˈhɛd
headline,ˈhɛdˌɫaɪn
heal,ˈhiɫ
heap,ˈhip
hear,ˈhiɹ
heat,ˈhit
heave,ˈhiv
heckle,ˈhɛkəɫ
hectograph,ˈhɛktəˌɡɹæf
hedge,ˈhɛdʒ
heed,ˈhid
heel,ˈhiɫ
heft,ˈhɛft
heighten,ˈhaɪtən
help,ˈhɛɫp
hem,ˈhɛm
henna,ˈhɛnə
herd,ˈhɝd
hesitate,ˈhɛzəˌteɪt
heterodyne,ˈhɛtɝəˌdaɪn
hew,ˈhju
hex,ˈhɛks
hibachi,həˈbɑtʃi
hibernate,ˈhaɪbɝˌneɪt
hiccup,ˈhɪkəp
hide,ˈhaɪd
hijack,ˈhaɪˌdʒæk
hike,ˈhaɪk
hill,ˈhɪɫ
hinge,ˈhɪndʒ
hint,ˈhɪnt
hire,ˈhaɪɝ
hiss,ˈhɪs
hit,ˈhɪt
hitch,ˈhɪtʃ
hitchhike,ˈhɪtʃˌhaɪk
hive,ˈhaɪv
hoard,ˈhɔɹd
hoax,ˈhoʊks
hob,ˈhɑb
hobble,ˈhɑbəɫ
hobnail,ˈhɑbˌneɪɫ
hobnob,ˈhɑbˌnɑb
hock,ˈhɑk
hoe,ˈhoʊ
hog,ˈhɑɡ
hoist,ˈhɔɪst
hold,ˈhoʊɫd
hole,ˈhoʊɫ
holler,ˈhɑɫɝ
hollo,ˈhɑˌɫoʊ
hollow,ˈhɑɫoʊ
home,ˈhoʊm
homer,ˈhoʊmɝ
homogenize,hoʊˈmɑdʒəˌnaɪz
hone,ˈhoʊn
honey,ˈhəni
honeycomb,ˈhəniˌkoʊm
honeymoon,ˈhəniˌmun
honk,ˈhɑŋk
honor,ˈɑnɝ
hood,ˈhʊd
hoof,ˈhuf
hook,ˈhʊk
hoop,ˈhup
hoot,ˈhut
hop,ˈhɑp
hope,ˈhoʊp
hopple,ˈhɑpəɫ
horn,ˈhɔɹn
horse,ˈhɔɹs
horseshoe,ˈhɔɹsˌʃu
hose,ˈhoʊz
hospitalize,ˈhɔˌspɪtəˌɫaɪz
host,ˈhoʊst
hound,ˈhaʊnd
house,ˈhaʊs
hover,ˈhəvɝ
howl,ˈhaʊɫ
huddle,ˈhədəɫ
hue,ˈhju
huff,ˈhəf
hug,ˈhəɡ
hull,ˈhəɫ
hum,ˈhəm
humanize,ˈhjuməˌnaɪz
humble,ˈhəmbəɫ
humbug,ˈhəmˌbəɡ
humiliate,hjuˈmɪɫiˌeɪt
humor,ˈhjumɝ
hunch,ˈhəntʃ
hunger,ˈhəŋɡɝ
hunt,ˈhənt
hurdle,ˈhɝdəɫ
hurl,ˈhɝɫ
hurrah,hʊˈɹɑ
hurt,ˈhɝt
hurtle,ˈhɝtəɫ
hush,ˈhəʃ
husk,ˈhəsk
hustle,ˈhəsəɫ
hydrate,ˈhaɪˌdɹeɪt
hydrogenate,ˈhaɪdɹədʒəˌneɪt
hydrolyze,ˈhaɪdɹəˌɫaɪz
hymn,ˈhɪm
hypertrophy,ˈhaɪpɝˌtɹoʊfi
hyphenate,ˈhaɪfəˌneɪt
hypnotize,ˈhɪpnəˌtaɪz
ice,ˈaɪs
idealize,aɪˈdiˌɫaɪz
identify,aɪˈdɛntəˌfaɪ
idle,ˈaɪdəɫ
idolize,ˈaɪdəˌɫaɪz
ignite,ˌɪɡˈnaɪt
ignore,ˌɪɡˈnɔɹ
illuminate,ˌɪˈɫumɪnɪt
illustrate,ˈɪɫəˌstɹeɪt
imagine,ˌɪˈmædʒən
imbibe,ɪmˈbaɪb
imbue,ˌɪmˈbju
imitate,ˈɪməˌteɪt
immerse,ˌɪˈmɝs
immigrate,ˈɪməˌɡɹeɪt
immobilize,ˌɪˈmoʊbəˌɫaɪz
immolate,ˈɪməˌɫeɪt
immortalize,ˌɪˈmɔɹtəɫaɪz
immunize,ˈɪmjuˌnaɪz
impact,ˈɪmpækt
impair,ˌɪmˈpɛɹ
impale,ˌɪmˈpeɪɫ
impart,ˌɪmˈpɑɹt
impeach,ˌɪmˈpitʃ
impede,ˌɪmˈpid
impel,ˌɪmˈpɛɫ
impend,ˌɪmˈpɛnd
impersonate,ˌɪmˈpɝsəˌneɪt
impinge,ˌɪmˈpɪndʒ
implant,ˈɪmˌpɫænt
implement,ˈɪmpɫəmənt
implicate,ˈɪmpɫɪˌkeɪt
implode,ˌɪmˈpɫoʊd
imply,ˌɪmˈpɫaɪ
import,ˈɪmˌpɔɹt
impound,ˌɪmˈpaʊnd
impoverish,ˌɪmˈpɑvɹɪʃ
impregnate,ˌɪmˈpɹɛɡˌneɪt
impress,ˈɪmˌpɹɛs
imprint,ˈɪmpɹɪnt
imprison,ˌɪmˈpɹɪzən
improvise,ˈɪmpɹəˌvaɪz
impugn,ˌɪmˈpjun
impute,ˌɪmˈpjut
inactivate,ˌɪˈnæktɪˌveɪt
inaugurate,ɪˈnɔɡjɝeɪt
incarnate,ˌɪnˈkɑɹˌneɪt
incinerate,ˌɪnˈsɪnɝˌeɪt
incise,ˌɪnˈsaɪz
incite,ˌɪnˈsaɪt
incline,ˈɪnkɫaɪn
include,ˌɪnˈkɫud
incorporate,ˌɪnˈkɔɹpɝˌeɪt
increase,ˈɪnˌkɹis
incriminate,ˌɪnˈkɹɪməˌneɪt
incubate,ˈɪnkjəˌbeɪt
inculcate,ˈɪŋkəɫˌkeɪt
incur,ˌɪnˈkɝ
indemnify,ˌɪnˈdɛmnəˌfaɪ
indent,ˌɪnˈdɛnt
indenture,ˌɪnˈdɛntʃɝ
index,ˈɪndɛks
indicate,ˈɪndəˌkeɪt
indict,ˌɪnˈdaɪt
individualize,ˌɪndɪˈvɪdʒəɫaɪz
indoctrinate,ɪnˈdɑktɹəˌneɪt
induce,ˌɪnˈdus
induct,ˌɪnˈdəkt
indulge,ˌɪnˈdəɫdʒ
industrialize,ˌɪnˈdəstɹiəˌɫaɪz
infatuate,ˌɪnˈfætʃuˌeɪt
infect,ˌɪnˈfɛkt
infest,ˌɪnˈfɛst
infiltrate,ˈɪnfɪɫˌtɹeɪt
inflame,ɪnˈfɫeɪm
inflate,ɪnˈfɫeɪt
inflict,ˌɪnˈfɫɪkt
influence,ˈɪnfɫuəns
inform,ˌɪnˈfɔɹm
infuriate,ˌɪnˈfjʊɹiˌeɪt
infuse,ˌɪnˈfjuz
ingratiate,ˌɪŋˈɡɹeɪʃiˌeɪt
inhabit,ˌɪnˈhæbət
inhale,ˌɪnˈheɪɫ
inherit,ˌɪnˈhɛɹət
inhibit,ˌɪnˈhɪbət
initial,ˌɪˈnɪʃəɫ
initialize,ˌɪˈnɪʃəˌɫaɪz
initiate,ˌɪˈnɪʃiˌeɪt
inject,ˌɪnˈdʒɛkt
injure,ˈɪndʒɝ
ink,ˈɪŋk
inlay,ˈɪnˌɫeɪ
inoculate,ˌɪˈnɑkjəˌɫeɪt
input,ˈɪnˌpʊt
inscribe,ˌɪnsˈkɹaɪb
inseminate,ˌɪnˈsɛməˌneɪt
insert,ˈɪnˌsɝt
inset,ˈɪnˌsɛt
insinuate,ˌɪnˈsɪnjueɪt
insist,ˌɪnˈsɪst
inspect,ˌɪnˈspɛkt
inspire,ˌɪnˈspaɪɹ
install,ˌɪnˈstɔɫ
instantiate,ˌɪnˈstænʃiˌeɪt
instill,ˌɪnˈstɪɫ
institute,ˈɪnstəˌtut
instruct,ˌɪnˈstɹəkt
instrument,ˈɪnstɹəmənt
insulate,ˈɪnsəˌɫeɪt
insure,ˌɪnˈʃʊɹ
integrate,ˈɪnəˌɡɹeɪt
intend,ˌɪnˈtɛnd
intensify,ɪnˈtɛnsəˌfaɪ
interact,ˌɪnɝˈækt
intercede,ˌɪntɝˈsid
intercept,ˌɪnɝˈsɛpt
interchange,ˌɪnɝˈtʃeɪndʒ
interconnect,ˌɪntɝkəˈnɛkt
interdict,ˈɪntɝˌdɪkt
interest,ˈɪntɝəst
interfere,ˌɪnɝˈfɪɹ
interject,ˌɪntɝˈdʒɛkt
interleave,ˌɪntɝˈɫiv
interlock,ˌɪntɝˈɫɑk
interlude,ˈɪntɝˌɫud
intermarry,ˌɪntɝˈmæɹi
intern,ˈɪntɝn
internalize,ˌɪnˈtɝnəˌɫaɪz
internationalize,ˌɪnɝˈnæʃənəˌɫaɪz
interpolate,ˌɪˈtɝpəˌɫeɪt
interpose,ˌɪntɝˈpoʊz
interpret,ˌɪnˈtɝpɹət
interrogate,ˌɪnˈtɛɹəˌɡeɪt
interrupt,ˌɪntɝˈəpt
intersect,ˌɪntɝˈsɛkt
intersperse,ˌɪntɝˈspɝs
intertwine,ˌɪntɝtˈwaɪn
intervene,ˌɪntɝˈvin
interview,ˈɪntɝvˌju
intimate,ˈɪnəmət
intimidate,ˌɪnˈtɪmɪˌdeɪt
intoxicate,ˌɪnˈtɑksəˌkeɪt
intrigue,ˈɪntɹiɡ
introduce,ˌɪntɹəˈdus
introspect,ˈɪntɹəˌspɛkt
introvert,ˈɪntɹoʊˌvɝt
intrude,ˌɪnˈtɹud
intuit,ˌɪnˈtuət
inundate,ˈɪnənˌdeɪt
inure,ˌɪnˈjʊɹ
invade,ˌɪnˈveɪd
invalid,ˈɪnvəɫəd
invalidate,ˌɪnˈvæɫɪˌdeɪt
invent,ˌɪnˈvɛnt
inventory,ˌɪnvənˈtɔɹi
invert,ˌɪnˈvɝt
invest,ˌɪnˈvɛst
investigate,ˌɪnˈvɛstəˌɡeɪt
invigorate,ˌɪnˈvɪɡɝɪt
invite,ˌɪnˈvaɪt
invoice,ˈɪnvɔɪs
invoke,ˌɪnˈvoʊk
involve,ˌɪnˈvɑɫv
ionize,ˈaɪəˌnaɪz
iron,ˈaɪɝn
irradiate,ˌɪˈɹeɪdiˌeɪt
irrigate,ˈɪɹəˌɡeɪt
isolate,ˈaɪsəˌɫeɪt
issue,ˈɪʃu
itch,ˈɪtʃ
itemize,ˈaɪtəˌmaɪz
jab,ˈdʒæb
jack,ˈdʒæk
jacket,ˈdʒækət
jackrabbit,ˈdʒæˌkɹæbət
jam,ˈdʒæm
japan,dʒəˈpæn
jar,ˈdʒɑɹ
jaundice,ˈdʒɔndəs
jaywalk,ˈdʒeɪˌwɔk
jazz,ˈdʒæz
jeer,ˈdʒɪɹ
jell,ˈdʒɛɫ
jerk,ˈdʒɝk
jet,ˈdʒɛt
jettison,ˈdʒɛtɪsən
jibe,ˈdʒaɪb
jiggle,ˈdʒɪɡəɫ
jilt,ˈdʒɪɫt
jingle,ˈdʒɪŋɡəɫ
jinx,ˈdʒɪŋks
jitterbug,ˈdʒɪtɝˌbəɡ
jive,ˈdʒaɪv
job,ˈdʒɑb
jockey,ˈdʒɑki
jog,ˈdʒɑɡ
join,ˈdʒɔɪn
joint,ˈdʒɔɪnt
joke,ˈdʒoʊk
jolt,ˈdʒoʊɫt
jostle,ˈdʒɑsəɫ
joust,ˈdʒaʊst
joyride,ˈdʒɔɪˌɹaɪd
judge,ˈdʒədʒ
jug,ˈdʒəɡ
juggle,ˈdʒəɡəɫ
jumble,ˈdʒəmbəɫ
jump,ˈdʒəmp
jumpstart,ˈdʒəmpˌstɑɹt
justify,ˈdʒəstəˌfaɪ
juxtapose,ˌdʒəkstəˈpoʊz
kayak,ˈkaɪæk
keep,ˈkip
kennel,ˈkɛnəɫ
kern,ˈkɝn
key,ˈki
keynote,ˈkiˌnoʊt
kick,ˈkɪk
kid,ˈkɪd
kidnap,ˈkɪdˌnæp
kill,ˈkɪɫ
kindle,ˈkɪndəɫ
kiss,ˈkɪs
kite,ˈkaɪt
kitten,ˈkɪtən
knead,ˈnid
kneecap,ˈniˌkæp
kneel,ˈniɫ
knell,ˈnɛɫ
knife,ˈnaɪf
knight,ˈnaɪt
knit,ˈnɪt
knock,ˈnɑk
knot,ˈnɑt
know,ˈnoʊ
knuckle,ˈnəkəɫ
label,ˈɫeɪbəɫ
labor,ˈɫeɪbɝ
lace,ˈɫeɪs
lacerate,ˈɫæsɝˌeɪt
lacquer,ˈɫækɝ
ladder,ˈɫædɝ
ladle,ˈɫeɪdəɫ
lag,ˈɫæɡ
lamb,ˈɫæm
lament,ɫəˈmɛnt
laminate,ˈɫæməˌneɪt
lance,ˈɫæns
land,ˈɫænd
landscape,ˈɫænˌskeɪp
languish,ˈɫæŋɡwɪʃ
lap,ˈɫæp
lapse,ˈɫæps
lard,ˈɫɑɹd
lash,ˈɫæʃ
lasso,ˈɫæsoʊ
last,ˈɫæs
latch,ˈɫætʃ
lather,ˈɫæðɝ
laud,ˈɫɔd
laugh,ˈɫæf
launch,ˈɫɔntʃ
launder,ˈɫɔndɝ
lave,ˈɫeɪv
lavish,ˈɫævɪʃ
lay,ˈɫeɪ
layer,ˈɫeɪɝ
leach,ˈɫitʃ
lead,ˈɫɛd
leaf,ˈɫif
league,ˈɫiɡ
leak,ˈɫik
lean,ˈɫin
leap,ˈɫip
leapfrog,ˈɫipˌfɹɔɡ
learn,ˈɫɝn
lease,ˈɫis
leather,ˈɫɛðɝ
leave,ˈɫiv
lecture,ˈɫɛktʃɝ
legalize,ˈɫiɡəˌɫaɪz
legislate,ˈɫɛdʒɪˌsɫeɪt
legitimate,ɫəˈdʒɪtəmət
lend,ˈɫɛnd
let,ˈɫɛt
letter,ˈɫɛtɝ
levant,ɫəˈvænt
level,ˈɫɛvəɫ
leverage,ˈɫɛvɝɪdʒ
levitate,ˈɫɛvɪˌteɪt
levy,ˈɫɛvi
libel,ˈɫaɪbəɫ
liberalize,ˈɫɪˌbɝəˌɫaɪz
liberate,ˈɫɪˌbɝˌeɪt
license,ˈɫaɪsəns
lick,ˈɫɪk
lie,ˈɫaɪ
lift,ˈɫɪft
light,ˈɫaɪt
lighten,ˈɫaɪtən
lighter,ˈɫaɪtɝ
like,ˈɫaɪk
lilt,ˈɫɪɫt
limber,ˈɫɪmbɝ
lime,ˈɫaɪm
limit,ˈɫɪmət
limp,ˈɫɪmp
line,ˈɫaɪn
linger,ˈɫɪŋɝ
lionize,ˈɫaɪəˌnaɪz
lipstick,ˈɫɪpˌstɪk
liquefy,ˈɫɪkwəˌfaɪ
liquidate,ˈɫɪkwɪˌdeɪt
lisp,ˈɫɪsp
list,ˈɫɪst
listen,ˈɫɪsən
lithograph,ˈɫɪθəˌɡɹæf
litigate,ˈɫɪtɪˌɡeɪt
litter,ˈɫɪtɝ
live,ˈɫaɪv
load,ˈɫoʊd
lob,ˈɫɑb
lobby,ˈɫɑbi
localize,ˈɫoʊkəˌɫaɪz
locate,ˈɫoʊˌkeɪt
lock,ˈɫɑk
lodge,ˈɫɑdʒ
loft,ˈɫɔft
log,ˈɫɔɡ
loiter,ˈɫɔɪtɝ
look,ˈɫʊk
loom,ˈɫum
loop,ˈɫup
loosen,ˈɫusən
loot,ˈɫut
lope,ˈɫoʊp
lord,ˈɫɔɹd
lose,ˈɫuz
lot,ˈɫɑt
louden,ˈɫaʊdən
lounge,ˈɫaʊndʒ
love,ˈɫəv
lower,ˈɫoʊɝ
lubricate,ˈɫubɹɪˌkeɪt
luff,ˈɫəf
lug,ˈɫəɡ
lull,ˈɫəɫ
lumber,ˈɫəmbɝ
lump,ˈɫəmp
lunch,ˈɫəntʃ
lunge,ˈɫəndʒ
lurch,ˈɫɝtʃ
lurk,ˈɫɝk
lynch,ˈɫɪntʃ
lyric,ˈɫɪɹɪk
machine,məˈʃin
macrame,ˈmækɹəˌmeɪ
madden,ˈmædən
madder,ˈmædɝ
madrigal,ˈmædɹəɡəɫ
magnify,ˈmæɡnəˌfaɪ
mail,ˈmeɪɫ
maim,ˈmeɪm
mainline,ˈmeɪnˌɫaɪn
maintain,meɪnˈteɪn
major,ˈmeɪdʒɝ
make,ˈmeɪk
malfunction,mæɫˈfəŋkʃən
malt,ˈmɔɫt
mambo,ˈmɑmboʊ
man,ˈmæn
manage,ˈmænədʒ
mandate,ˈmænˌdeɪt
maneuver,məˈnuvɝ
mangle,ˈmæŋɡəɫ
manhandle,ˈmænˌhændəɫ
manicure,ˈmænɪkjɝ
manifest,ˈmænəˌfɛst
manifold,ˈmænəˌfoʊɫd
manipulate,məˈnɪpjəˌɫeɪt
mantle,ˈmæntəɫ
manufacture,ˌmænjəˈfæktʃɝ
manure,məˈnʊɹ
map,ˈmæp
mar,ˈmɑɹ
maraud,mɝˈɔd
marble,ˈmɑɹbəɫ
marcel,mɑɹˈsɛɫ
march,ˈmɑɹtʃ
marginalize,ˈmɑɹdʒənəˌɫaɪz
marinade,ˈmɑɹɪˌneɪd
mark,ˈmɑɹk
market,ˈmɑɹkət
maroon,mɝˈun
marry,ˈmɛɹi
marshal,ˈmɑɹʃəɫ
martyr,ˈmɑɹtɝ
marvel,ˈmɑɹvəɫ
mask,ˈmæsk
masquerade,ˌmæskɝˈeɪd
mass,ˈmæs
massacre,ˈmæsəkɝ
massage,məˈsɑʒ
master,ˈmæstɝ
mastermind,ˈmæstɝˌmaɪnd
masturbate,ˈmæstɝˌbeɪt
match,ˈmætʃ
matriculate,məˈtɹɪkjəɫeɪt
mature,məˈtʃʊɹ
maul,ˈmɔɫ
maximize,ˈmæksəˌmaɪz
mean,ˈmin
measure,ˈmɛʒɝ
mechanize,ˈmɛkəˌnaɪz
meddle,ˈmɛdəɫ
mediate,ˈmidiˌeɪt
medicate,ˈmɛdɪˌkeɪt
meet,ˈmit
meld,ˈmɛɫd
mellow,ˈmɛɫoʊ
melt,ˈmɛɫt
memorialize,məˈmɔɹiəˌɫaɪz
memorize,ˈmɛmɝˌaɪz
menace,ˈmɛnəs
mend,ˈmɛnd
menstruate,ˈmɛnstɹuˌeɪt
mention,ˈmɛnʃən
mentor,ˈmɛnˌtɔɹ
meow,miˈaʊ
mesh,ˈmɛʃ
mess,ˈmɛs
message,ˈmɛsədʒ
metabolize,məˈtæbəˌɫaɪz
metal,ˈmɛtəɫ
metamorphose,ˌmɛtəˈmɔɹfoʊz
metastasize,məˈtæstəˌsaɪz
meter,ˈmitɝ
mew,ˈmju
microfilm,ˈmaɪkɹəˌfɪɫm
microwave,ˈmaɪkɹəˌweɪv
middle,ˈmɪdəɫ
migrate,ˈmaɪˌɡɹeɪt
militarize,ˈmɪɫətɝˌaɪz
militate,ˈmɪɫɪˌteɪt
milk,ˈmɪɫk
mill,ˈmɪɫ
mime,ˈmaɪm
mimeograph,ˈmɪmiəˌɡɹæf
mimic,ˈmɪmɪk
mince,ˈmɪns
mind,ˈmaɪnd
mine,ˈmaɪn
mineralize,ˈmɪnɝəˌɫaɪz
mingle,ˈmɪŋɡəɫ
miniaturize,ˈmɪnɪtʃɝˌaɪz
minimize,ˈmɪnəˌmaɪz
minister,ˈmɪnəstɝ
minstrel,ˈmɪnstɹəɫ
mint,ˈmɪnt
mire,ˈmaɪɝ
mirror,ˈmɪɹɝ
misapply,mɪsəˈpɫaɪ
misbehave,ˌmɪsbəˈheɪv
miscalculate,mɪˈskæɫkjəˌɫeɪt
miscast,mɪˈskæst
misconstrue,mɪskənˈstɹu
miscount,ˈmɪsˈkaʊnt
misdirect,mɪsdɪˈɹɛkt
misfire,mɪsˈfaɪɝ
misgive,mɪsˈɡɪv
misinform,mɪˌsɪnˈfɔɹm
misinterpret,mɪsɪnˈtɝpɹət
misjudge,mɪsˈdʒədʒ
mislead,mɪˈsɫid
mismanage,mɪsˈmænɪdʒ
mismatch,ˈmɪsˌmætʃ
misperceive,mɪspɝˈsiv
misplace,mɪsˈpɫeɪs
misprint,ˈmɪsˈpɹɪnt
mispronounce,mɪspɹəˈnaʊns
misquote,mɪsˈkwoʊt
misread,mɪsˈɹɛd
misremember,mɪsɹiˈmɛmbɝ
misrepresent,mɪsˌɹɛpɹəˈzɛnt
miss,ˈmɪs
misspell,mɪˈspɛɫ
misspend,mɪˈspɛnd
misstate,mɪˈsteɪt
mist,ˈmɪst
mistake,mɪˈsteɪk
mistreat,mɪˈstɹit
miter,ˈmaɪtɝ
mitigate,ˈmɪtəˌɡeɪt
mix,ˈmɪks
mobilize,ˈmoʊbəˌɫaɪz
mock,ˈmɑk
model,ˈmɑdəɫ
moderate,ˈmɑdɝˌeɪt
modernize,ˈmɑdɝˌnaɪz
modify,ˈmɑdəˌfaɪ
modulate,ˈmɔdʒjuɫeɪt
moisten,ˈmɔɪsən
mold,ˈmoʊɫd
molest,məˈɫɛst
mollify,ˈmɑɫəˌfaɪ
monetize,ˈmɑnəˌtaɪz
monitor,ˈmɑnətɝ
monopolize,məˈnɑpəˌɫaɪz
moo,ˈmu
moon,ˈmun
moonlight,ˈmunˌɫaɪt
moonshine,ˈmunˌʃaɪn
moor,ˈmʊɹ
mope,ˈmoʊp
moralize,ˈmɔɹəˌɫaɪz
morph,ˈmɔɹf
mortar,ˈmɔɹtɝ
mortgage,ˈmɔɹɡədʒ
mortify,ˈmɔɹtɪˌfaɪ
mothball,ˈmɔθˌbɔɫ
mother,ˈməðɝ
motivate,ˈmoʊtəˌveɪt
motley,ˈmɑtɫi
motorbike,ˈmoʊtɝˌbaɪk
motorboat,ˈmoʊtɝˌboʊt
motorize,ˈmoʊtɝˌaɪz
mound,ˈmaʊnd
mount,ˈmaʊnt
mountaineer,ˈmaʊntɪˌnɪɹ
mourn,ˈmɔɹn
mouse,ˈmaʊs
mousse,ˈmus
mouth,ˈmaʊθ
move,ˈmuv
mow,ˈmoʊ
muck,ˈmək
muckrake,ˈməˌkɹeɪk
mud,ˈməd
muddle,ˈmədəɫ
muddy,ˈmədi
muff,ˈməf
muffle,ˈməfəɫ
mug,ˈməɡ
mulch,ˈməɫtʃ
mulct,ˈməɫkt
mull,ˈməɫ
multiply,ˈməɫtəˌpɫaɪ
mumble,ˈməmbəɫ
mummify,ˈməməˌfaɪ
munition,mjuˈnɪʃən
murder,ˈmɝdɝ
murk,ˈmɝk
murmur,ˈmɝmɝ
muscle,ˈməsəɫ
mush,ˈməʃ
mushroom,ˈməʃɹum
muster,ˈməstɝ
mutate,ˈmjuˌteɪt
mutilate,ˈmjutəˌɫeɪt
mutiny,ˈmjutəni
muzzle,ˈməzəɫ
mystify,ˈmɪstəˌfaɪ
nab,ˈnæb
nag,ˈnæɡ
nail,ˈneɪɫ
name,ˈneɪm
nap,ˈnæp
narrate,ˈnɛˌɹeɪt
narrow,ˈnæɹoʊ
nationalize,ˈnæʃənəˌɫaɪz
naturalize,ˈnætʃɝəˌɫaɪz
navigate,ˈnævəˌɡeɪt
necessitate,nəˈsɛsəˌteɪt
neck,ˈnɛk
need,ˈnid
needle,ˈnidəɫ
negate,nɪˈɡeɪt
neglect,nəˈɡɫɛkt
negotiate,nəˈɡoʊʃiˌeɪt
neigh,ˈneɪ
neighbor,ˈneɪbɝ
nest,ˈnɛst
nestle,ˈnɛsˈɫi
net,ˈnɛt
network,ˈnɛtˌwɝk
neutralize,ˈnutɹəˌɫaɪz
nibble,ˈnɪbəɫ
nick,ˈnɪk
nickel,ˈnɪkəɫ
nip,ˈnɪp
nitpick,ˈnɪtpɪk
nitrate,ˈnaɪˌtɹeɪt
nod,ˈnɑd
nominate,ˈnɑməˌneɪt
noose,ˈnus
normalize,ˈnɔɹməˌɫaɪz
nose,ˈnoʊz
nosedive,ˈnoʊzˌdaɪv
notch,ˈnɑtʃ
note,ˈnoʊt
notice,ˈnoʊtəs
nourish,ˈnɝɪʃ
nudge,ˈnədʒ
nuke,ˈnuk
numb,ˈnəm
number,ˈnəmbɝ
numerate,ˈnuməɹət
nurse,ˈnɝs
nut,ˈnət
nuzzle,ˈnəzəɫ
obey,oʊˈbeɪ
obfuscate,ˈɑbfəˌskeɪt
object,ˈɑbdʒɛkt
obligate,ˈɑbɫəˌɡeɪt
oblige,əˈbɫaɪdʒ
obliterate,əˈbɫɪtɝˌeɪt
obscure,əbˈskjʊɹ
observe,əbˈzɝv
obsess,əbˈsɛs
obstinate,ˈɑbstənət
obstruct,əbˈstɹəkt
obtain,əbˈteɪn
obviate,ˈɑbviˌeɪt
occasion,əˈkeɪʒən
occult,əˈkəɫt
occupy,ˈɑkjəˌpaɪ
occur,əˈkɝ
offer,ˈɔfɝ
officer,ˈɔfəsɝ
officiate,əˈfɪʃiˌeɪt
offset,ˈɔfˌsɛt
ogle,ˈoʊɡəɫ
oil,ˈɔɪɫ
ooh,ˈu
open,ˈoʊpən
operate,ˈɑpɝˌeɪt
opine,oʊˈpaɪn
oppose,əˈpoʊz
oppress,əˈpɹɛs
optimize,ˈɑptəˌmaɪz
orb,ˈɔɹb
orchestrate,ˈɔɹkɪˌstɹeɪt
ordain,ɔɹˈdeɪn
order,ˈɔɹdɝ
organize,ˈɔɹɡəˌnaɪz
orient,ˈɔɹiˌɛnt
originate,ɝˈɪdʒəˌneɪt
ornament,ˈɔɹnəmənt
orphan,ˈɔɹfən
oscillate,ˈɑsəˌɫeɪt
ossify,ˈɑsəˌfaɪ
ostracize,ˈɔstɹəˌsaɪz
oust,ˈaʊst
out,ˈaʊt
outbid,ˈaʊtˌbɪd
outclass,ˈaʊtˌkɫæs
outdistance,ˈaʊtˈdɪstəns
outdo,ˌaʊtˈdu
outflank,ˈaʊtˌfɫæŋk
outfox,aʊtˈfɑks
outgrow,ˌaʊtˈɡɹoʊ
outlaw,ˈaʊtˌɫɔ
outlive,ˌaʊtˈɫɪv
outmaneuver,aʊtməˈnuvɝ
outmode,ˌaʊtˈmoʊd
outnumber,aʊtˈnəmbɝ
outpace,ˈaʊtˌpeɪs
output,ˈaʊtˌpʊt
outrun,aʊˈtɹən
outsell,aʊtˈsɛɫ
outshine,ˈaʊˌtʃaɪn
outsource,ˌaʊtˈsɔɹs
outvote,aʊtˈvoʊt
outweigh,ˈaʊtˌweɪ
outwit,ˈaʊtˌwɪt
overact,ˈoʊvɝˌækt
overburden,ˈoʊvɝˈbɝdən
overcast,ˈoʊvɝˌkæst
overcharge,ˈoʊvɝˌtʃɑɹdʒ
overcome,ˈoʊvɝˌkəm
overcook,ˌoʊvɝˈkʊk
overcrowd,ˌoʊvɝˈkɹaʊd
overdo,ˈoʊvɝˈdu
overdose,ˈoʊvɝˌdoʊs
overdraw,ˈoʊvɝˌdɹɔ
overdress,ˈoʊvɝˌdɹɛs
overdrive,ˈoʊvɝˌdɹaɪv
overemphasize,ˈoʊvɝˈɛmfəˌsaɪz
overestimate,ˌoʊvɝˈɛstəˌmeɪt
overexpose,ˌoʊvɝɪkˈspoʊz
overfeed,ˌoʊvɝˈfid
overfill,ˈoʊvɝˌfɪɫ
overflow,ˈoʊvɝˌfɫoʊ
overhang,ˈoʊvɝˌhæŋ
overhaul,ˈoʊvɝˌhɔɫ
overheat,ˈoʊvɝˌhit
overlap,ˈoʊvɝˌɫæp
overlay,ˈoʊvɝˌɫeɪ
overload,ˈoʊvɝˌɫoʊd
overlook,ˈoʊvɝˌɫʊk
overpay,ˈoʊvɝˌpeɪ
overpopulate,ˌoʊvɝˈpɑpjəɫeɪt
overpower,ˌoʊvɝˈpaʊɝ
overprice,ˌoʊvɝˈpɹaɪs
overproduce,ˈoʊvɝpɹəˈdus
overprotect,ˌoʊvɝpɹəˈtɛkt
overreach,ˈoʊvɝˌɹitʃ
overreact,ˈoʊvɝɹiˈækt
override,ˈoʊvɝˌɹaɪd
overrule,ˈoʊvɝˌɹuɫ
overrun,ˈoʊvɝˌɹən
oversee,ˈoʊvɝˌsi
overshadow,ˈoʊvɝˈʃædoʊ
overshoot,ˈoʊvɝˌʃut
oversimplify,oʊvɝˈsɪmpɫɪˌfaɪ
oversleep,ˌoʊvɝˈsɫip
overspend,ˈoʊvɝˌspɛnd
overstate,ˈoʊvɝˌsteɪt
overstay,ˌoʊvɝˈsteɪ
overstock,ˈoʊvɝˈstɑk
overstuff,ˈoʊvɝˌstəf
overtake,ˈoʊvɝˌteɪk
overtax,ˈoʊvɝˌtæks
overthrow,ˈoʊvɝˌθɹoʊ
overturn,ˈoʊvɝˌtɝn
overuse,ˌoʊvɝˈjuz
overvalue,ˈoʊvɝˌvæɫju
overwhelm,ˌoʊvɝˈwɛɫm
overwork,ˌoʊvɝˈwɝk
overwrite,ˌoʊvɝˈɹaɪt
owe,ˈoʊ
own,ˈoʊn
oxidize,ˈɑksəˌdaɪz
oxygenate,ˈɑksədʒəˌneɪt
pace,ˈpeɪs
pacify,ˈpæsəˌfaɪ
pack,ˈpæk
pad,ˈpæd
paddle,ˈpædəɫ
padlock,ˈpædˌɫɑk
page,ˈpeɪdʒ
pain,ˈpeɪn
paint,ˈpeɪnt
pair,ˈpɛɹ
pal,ˈpæɫ
pale,ˈpeɪɫ
pall,ˈpɑɫ
palpitate,ˈpæɫpəteɪt
palsy,ˈpɔɫzi
pamper,ˈpæmpɝ
pan,ˈpæn
panel,ˈpænəɫ
panhandle,ˈpænˌhændəɫ
panic,ˈpænɪk
pant,ˈpænt
paper,ˈpeɪpɝ
par,ˈpɑɹ
parade,pɝˈeɪd
paragraph,ˈpæɹəˌɡɹæf
parallel,ˈpɛɹəˌɫɛɫ
paralyze,ˈpɛɹəˌɫaɪz
paraphrase,ˈpɛɹəˌfɹeɪz
parcel,ˈpɑɹsəɫ
parch,ˈpɑɹtʃ
pardon,ˈpɑɹdən
pare,ˈpɛɹ
park,ˈpɑɹk
parlay,ˈpɑɹɫeɪ
parley,ˈpɑɹɫi
parody,ˈpɛɹədi
parole,pɝˈoʊɫ
parrot,ˈpɛɹət
parry,ˈpɛɹi
parse,ˈpɑɹs
partake,pɑɹˈteɪk
participate,pɑɹˈtɪsəˌpeɪt
partition,pɑɹˈtɪʃən
partner,ˈpɑɹtnɝ
party,ˈpɑɹti
pass,ˈpæs
paste,ˈpeɪst
pasteurize,ˈpæstʃɝˌaɪz
patch,ˈpætʃ
patent,ˈpætənt
patrol,pəˈtɹoʊɫ
patronage,ˈpætɹənɪdʒ
patronize,ˈpætɹəˌnaɪz
patter,ˈpætɝ
pattern,ˈpætɝn
pause,ˈpɔz
pave,ˈpeɪv
paw,ˈpɔ
pawn,ˈpɔn
pay,ˈpeɪ
peal,ˈpiɫ
pearl,ˈpɝɫ
peck,ˈpɛk
pedal,ˈpɛdəɫ
peddle,ˈpɛdəɫ
pedicure,ˈpɛdɪkjɝ
peep,ˈpip
peer,ˈpɪɹ
peeve,ˈpiv
peg,ˈpɛɡ
pelt,ˈpɛɫt
pencil,ˈpɛnsəɫ
penetrate,ˈpɛnəˌtɹeɪt
pension,ˈpɛnʃən
people,ˈpipəɫ
pepper,ˈpɛpɝ
perceive,pɝˈsiv
perch,ˈpɝtʃ
percolate,ˈpɝkəˌɫeɪt
perfect,ˈpɝˌfɪkt
perform,pɝˈfɔɹm
perfume,pɝfˈjum
perjure,ˈpɝdʒɝ
permeate,ˈpɝmiˌeɪt
permit,ˈpɝˌmɪt
permute,ˌpɝmˈjut
peroxide,pɝˈɑkˌsaɪd
perpetrate,ˈpɝpəˌtɹeɪt
perpetuate,pɝˈpɛtʃəˌweɪt
perplex,pɝˈpɫɛks
persecute,ˈpɝsəkˌjut
persevere,pɝsəˈvɪɹ
persist,pɝˈsɪst
personalize,ˈpɝsənəˌɫaɪz
personify,pɝˈsɑnəˌfaɪ
persuade,pɝˈsweɪd
pertain,pɝˈteɪn
perturb,pɝˈtɝb
peruse,pɝˈuz
pervert,ˈpɝvɝt
pet,ˈpɛt
petition,pəˈtɪʃən
petrify,ˈpɛtɹəˌfaɪ
phase,ˈfeɪz
philander,fəˈɫændɝ
photocopy,ˈfoʊtoʊˌkɑpi
photograph,ˈfoʊtəˌɡɹæf
pick,ˈpɪk
picket,ˈpɪkɪt
pickle,ˈpɪkəɫ
picnic,ˈpɪkˌnɪk
picture,ˈpɪktʃɝ
piddle,ˈpɪdəɫ
piece,ˈpis
pierce,ˈpɪɹs
pig,ˈpɪɡ
pigeonhole,ˈpɪdʒənˌhoʊɫ
piggyback,ˈpɪɡiˌbæk
pigment,ˈpɪɡmənt
pile,ˈpaɪɫ
pillory,ˈpɪɫɝi
pillow,ˈpɪɫoʊ
pin,ˈpɪn
pinch,ˈpɪntʃ
ping,ˈpɪŋ
pinion,ˈpɪnjən
pink,ˈpɪŋk
pinnacle,ˈpɪnəkəɫ
pinpoint,ˈpɪnˌpɔɪnt
pioneer,ˌpaɪəˈnɪɹ
pipe,ˈpaɪp
pique,ˈpik
pirate,ˈpaɪɹət
pirouette,ˌpɪɹuˈɛ
pit,ˈpɪt
pitch,ˈpɪtʃ
pitchfork,ˈpɪtʃˌfɔɹk
pith,ˈpɪθ
pivot,ˈpɪvət
placard,ˈpɫækɝd
place,ˈpɫeɪs
plagiarize,ˈpɫeɪdʒɝˌaɪz
plait,ˈpɫeɪt
plan,ˈpɫæn
plane,ˈpɫeɪn
plank,ˈpɫæŋk
plant,ˈpɫænt
plaster,ˈpɫæstɝ
plate,ˈpɫeɪt
play,ˈpɫeɪ
plead,ˈpɫid
please,ˈpɫiz
pleat,ˈpɫit
pledge,ˈpɫɛdʒ
plop,ˈpɫɑp
plot,ˈpɫɑt
plow,ˈpɫaʊ
pluck,ˈpɫək
plug,ˈpɫəɡ
plumb,ˈpɫəm
plume,ˈpɫum
plummet,ˈpɫəmət
plump,ˈpɫəmp
plunder,ˈpɫəndɝ
plunge,ˈpɫəndʒ
pluralize,ˈpɫʊɹəɫaɪz
ply,ˈpɫaɪ
poach,ˈpoʊtʃ
pocket,ˈpɑkət
pockmark,ˈpɑkˌmɑɹk
pod,ˈpɑd
point,ˈpɔɪnt
poise,ˈpɔɪz
poison,ˈpɔɪzən
poke,ˈpoʊk
polarize,ˈpoʊɫɝˌaɪz
pole,ˈpoʊɫ
polish,ˈpɑɫɪʃ
politicize,pəˈɫɪtɪˌsaɪz
polka,ˈpoʊkɑ
poll,ˈpoʊɫ
pollinate,ˈpɑɫəˌneɪt
pollute,pəˈɫut
polychrome,ˈpɑˌɫiˌkɹoʊm
polymerize,ˈpɑɫɪmɝˌaɪz
pompadour,ˈpɑmpədɔɹ
pontificate,pɑnˈtɪfəˌkeɪt
pooch,ˈputʃ
pool,ˈpuɫ
pop,ˈpɑp
popularize,ˈpɑpjəɫɝˌaɪz
populate,ˈpɑpjəˌɫeɪt
port,ˈpɔɹt
porter,ˈpɔɹtɝ
portray,pɔɹˈtɹeɪ
pose,ˈpoʊz
position,pəˈzɪʃən
possess,pəˈzɛs
post,ˈpoʊst
postdate,ˌpoʊstˈdeɪt
postmark,ˈpoʊstˌmɑɹk
postpone,poʊˈspoʊn
postulate,ˈpɑstʃəˌɫeɪt
pot,ˈpɑt
potter,ˈpɑtɝ
pouch,ˈpaʊtʃ
poultice,ˈpoʊɫtəs
pounce,ˈpaʊns
pound,ˈpaʊnd
pour,ˈpɔɹ
pout,ˈpaʊt
powder,ˈpaʊdɝ
power,ˈpaʊɝ
powwow,ˈpaʊˌwaʊ
practice,ˈpɹæktəs
praise,ˈpɹeɪz
prance,ˈpɹæns
prank,ˈpɹæŋk
prawn,ˈpɹɔn
pray,ˈpɹeɪ
preach,ˈpɹitʃ
preamble,pɹiˈæmbəɫ
prearrange,ˌpɹiɝˈeɪndʒ
precede,pɹɪˈsid
precipitate,pɹɪˈsɪpɪˌteɪt
precis,ˈpɹeɪˌsi
preclude,pɹiˈkɫud
preconceive,ˌpɹikənˈsiv
precondition,ˌpɹikənˈdɪʃən
precook,ˈpɹiˈkʊk
predate,ˈpɹiˈdeɪt
predestine,ˌpɹiˈdɛstən
predetermine,ˌpɹidiˈtɝmən
predicate,ˈpɹɛdəˌkeɪt
predict,pɹiˈdɪkt
predispose,ˌpɹidɪˈspoʊz
predominate,pɹɪˈdɑməˌneɪt
preempt,ˈpɹiˌɛmpt
preen,ˈpɹin
preexist,ˈpɹiɪɡˈzɪst
prefabricate,pɹiˈfæbɹɪˌkeɪt
prefer,pɹəˈfɝ
prefix,ˈpɹifɪks
prejudge,pɹiˈdʒədʒ
prejudice,ˈpɹɛdʒədɪs
prelude,ˈpɹeɪˌɫud
premeditate,pɹiˈmɛdəˌteɪt
premier,pɹɛˈmɪɹ
premise,ˈpɹɛmɪs
preoccupy,pɹiˈɑkjəˌpaɪ
prepare,pɹiˈpɛɹ
prepay,pɹiˈpeɪ
prerecord,ˌpɹiɹiˈkɔɹd
present,ˈpɹɛzənt
preserve,pɹəˈzɝv
preside,pɹiˈzaɪd
press,ˈpɹɛs
pressurize,ˈpɹɛʃɝˌaɪz
presume,pɹɪˈzum
presuppose,ˌpɹisəˈpoʊz
pretend,pɹiˈtɛnd
prevail,pɹiˈveɪɫ
prevent,pɹiˈvɛnt
preview,ˈpɹivˌju
prey,ˈpɹeɪ
price,ˈpɹaɪs
prick,ˈpɹɪk
pride,ˈpɹaɪd
prim,ˈpɹɪm
prime,ˈpɹaɪm
print,ˈpɹɪnt
prioritize,pɹaɪˈɔɹəˌtaɪz
privatize,ˈpɹɪvəˌtaɪz
privilege,ˈpɹɪvɪɫədʒ
prize,ˈpɹaɪz
probate,ˈpɹoʊˌbeɪt
probe,ˈpɹoʊb
proceed,pɝˈsid
process,ˈpɹɑˌsɛs
proclaim,pɹoʊˈkɫeɪm
procrastinate,pɹəˈkɹæstəˌneɪt
procure,pɹoʊkˈjʊɹ
prod,ˈpɹɑd
produce,ˈpɹoʊdus
profess,pɹəˈfɛs
professionalize,pɹəˈfɛʃənəˌɫaɪz
profile,ˈpɹoʊˌfaɪɫ
profit,ˈpɹɑfət
profiteer,ˌpɹɑfəˈtɪɹ
program,ˈpɹoʊˌɡɹæm
progress,ˈpɹɑˌɡɹɛs
project,ˈpɹɑdʒɛkt
proliferate,pɹoʊˈɫɪfɝˌeɪt
prolong,pɹəˈɫɔŋ
promenade,ˌpɹɑməˈneɪd
promise,ˈpɹɑməs
promote,pɹəˈmoʊt
prompt,ˈpɹɑmpt
promulgate,pɹoʊˈməɫɡeɪt
pronounce,pɹəˈnaʊns
proof,ˈpɹuf
proofread,ˈpɹuˌfɹid
propagandize,ˌpɹɑpəˈɡænˌdaɪz
propagate,ˈpɹɑpəˌɡeɪt
propel,pɹəˈpɛɫ
proportion,pɹəˈpɔɹʃən
propose,pɹəˈpoʊz
proposition,ˌpɹɑpəˈzɪʃən
propound,pɹəˈpaʊnd
prorate,ˈpɹoʊˈɹeɪt
prosecute,ˈpɹɑsəkˌjut
proselytize,ˈpɹɑsəɫəˌtaɪz
prospect,ˈpɹɑspɛkt
prostitute,ˈpɹɑstəˌtut
prostrate,ˈpɹɑstɹeɪt
protect,pɹəˈtɛkt
protest,ˈpɹoʊˌtɛst
prove,ˈpɹuv
provide,pɹəˈvaɪd
provision,pɹəˈvɪʒən
provoke,pɹəˈvoʊk
prowl,ˈpɹaʊɫ
pry,ˈpɹaɪ
psalm,ˈsɑɫm
publicize,ˈpəbɫɪˌsaɪz
publish,ˈpəbɫɪʃ
pucker,ˈpəkɝ
puddle,ˈpədəɫ
puff,ˈpəf
pull,ˈpʊɫ
pulp,ˈpəɫp
pulse,ˈpəɫs
pumice,ˈpəməs
pummel,ˈpəməɫ
pump,ˈpəmp
pun,ˈpən
punch,ˈpəntʃ
punctuate,ˈpəŋktʃuˌeɪt
puncture,ˈpəŋkʃɝ
punish,ˈpənɪʃ
punt,ˈpənt
puree,pjʊˈɹeɪ
purge,ˈpɝdʒ
purify,ˈpjʊɹəˌfaɪ
purple,ˈpɝpəɫ
purport,ˈpɝˌpɔɹt
purpose,ˈpɝpəs
purr,ˈpɝ
purse,ˈpɝs
pursue,pɝˈsu
push,ˈpʊʃ
put,ˈpʊt
putt,ˈpət
putter,ˈpətɝ
putty,ˈpəti
puzzle,ˈpəzəɫ
pyramid,ˈpɪɹəmɪd
quack,ˈkwæk
quadruple,kwɑˈdɹupəɫ
qualify,ˈkwɑɫəˌfaɪ
quantify,ˈkwɑntɪˌfaɪ
quarantine,ˈkwɔɹənˌtin
quarrel,ˈkwɔɹəɫ
quarry,ˈkwɔɹi
quarter,ˈkwɔɹtɝ
quarterback,ˈkwɔɹtɝˌbæk
quaver,ˈkweɪvɝ
queen,ˈkwin
queer,ˈkwɪɹ
quell,ˈkwɛɫ
quench,ˈkwɛntʃ
quest,ˈkwɛst
question,ˈkwɛstʃən
quibble,ˈkwɪbəɫ
quicken,ˈkwɪkən
quilt,ˈkwɪɫt
quintuple,ˈkwɪntupəɫ
quirk,ˈkwɝk
quiver,ˈkwɪvɝ
quiz,ˈkwɪz
quote,ˈkwoʊt
rabbit,ˈɹæbət
race,ˈɹeɪs
rack,ˈɹæk
racket,ˈɹækɪt
racketeer,ˌɹækɪˈtɪɹ
radiate,ˈɹeɪdiˌeɪt
radicalize,ˈɹædɪkəˌɫaɪz
radio,ˈɹeɪdiˌoʊ
raffle,ˈɹæfəɫ
raft,ˈɹæft
rafter,ˈɹæftɝ
rag,ˈɹæɡ
rage,ˈɹeɪdʒ
raid,ˈɹeɪd
rail,ˈɹeɪɫ
railroad,ˈɹeɪɫˌɹoʊd
rain,ˈɹeɪn
raise,ˈɹeɪz
rake,ˈɹeɪk
rally,ˈɹæɫi
ram,ˈɹæm
ramp,ˈɹæmp
rampage,ˈɹæmˌpeɪdʒ
ranch,ˈɹæntʃ
randomize,ˈɹændəˌmaɪz
range,ˈɹeɪndʒ
rank,ˈɹæŋk
ransom,ˈɹænsəm
rant,ˈɹænt
rap,ˈɹæp
rape,ˈɹeɪp
rarefy,ˈɹɛɹəfaɪ
rasp,ˈɹæsp
rat,ˈɹæt
ratchet,ˈɹætʃət
rate,ˈɹeɪt
ration,ˈɹæʃən
rationalize,ˈɹæʃənəˌɫaɪz
rattle,ˈɹætəɫ
rave,ˈɹeɪv
ravel,ˈɹævəɫ
raven,ˈɹeɪvən
ray,ˈɹeɪ
razor,ˈɹeɪzɝ
reabsorb,ˌɹiəbˈzɔɹb
reach,ˈɹitʃ
react,ɹiˈækt
reactivate,ˈɹiˈæktəˌveɪt
read,ˈɹɛd
readjust,ˌɹiəˈdʒəst
readmit,ˌɹiədˈmɪt
reaffirm,ˌɹiəˈfɝm
realign,ɹiəˈɫaɪn
realize,ˈɹiəˌɫaɪz
ream,ˈɹim
reap,ˈɹip
reappear,ˌɹiəˈpɪɹ
reappraise,ˌɹiəˈpɹeɪz
rear,ˈɹɪɹ
rearm,ˈɹiˈɑɹm
rearrange,ˌɹiɝˈeɪndʒ
reason,ˈɹizən
reassemble,ˌɹiəˈsɛmbəɫ
reassess,ɹiəˈsɛs
reassure,ˌɹiəˈʃʊɹ
reawaken,ˌɹiəˈweɪkən
rebate,ˈɹiˌbeɪt
rebel,ˈɹɛbəɫ
rebuff,ɹiˈbəf
rebuild,ɹiˈbɪɫd
recalculate,ɹiˈkæɫkjəˌɫeɪt
recall,ˈɹiˌkɔɫ
recapitulate,ˌɹikəˈpɪtʃəˌɫeɪt
recapture,ɹiˈkæptʃɝ
recast,ɹiˈkæst
recede,ɹɪˈsid
receipt,ɹiˈsit
receive,ɹəˈsiv
recess,ˈɹisɛs
recharge,ɹiˈtʃɑɹdʒ
reciprocate,ɹɪˈsɪpɹəˌkeɪt
recite,ɹəˈsaɪt
reckon,ˈɹɛkən
reclaim,ɹiˈkɫeɪm
reclassify,ɹiˈkɫæsɪˌfaɪ
recline,ɹɪˈkɫaɪn
recognize,ˈɹɛkəɡˌnaɪz
recombine,ˌɹikəmˈbaɪn
recommend,ˌɹɛkəˈmɛnd
recommit,ˌɹikəˈmɪt
reconcile,ˈɹɛkənˌsaɪɫ
recondition,ˌɹikənˈdɪʃən
reconfirm,ˌɹikənˈfɝm
reconquer,ɹiˈkɔŋkɝ
reconsider,ˌɹikənˈsɪdɝ
reconstruct,ˌɹikənˈstɹəkt
reconvene,ɹikənˈvin
record,ˈɹɛkɝd
recount,ˌɹiˈkaʊnt
recoup,ɹɪˈkup
recover,ɹɪˈkəvɝ
recreate,ˈɹɛkɹiˌeɪt
recriminate,ɹɪˌkɹɪmɪˈneɪt
recruit,ɹəˈkɹut
rectify,ˈɹɛktəˌfaɪ
recuperate,ɹɪˈkupɝˌeɪt
recur,ɹiˈkɝ
recuse,ˌɹɪkˈjuz
recycle,ɹiˈsaɪkəɫ
redden,ˈɹɛdən
redecorate,ɹiˈdɛkɝˌeɪt
rededicate,ˌɹiˈdɛdəˌkeɪt
redeem,ɹɪˈdim
redefine,ɹidɪˈfaɪn
redeploy,ˌɹidɪˈpɫɔɪ
redesign,ˌɹidɪˈzaɪn
redevelop,ɹidɪˈvɛɫəp
redirect,ˌɹidɝˈɛkt
rediscover,ɹidɪˈskəvɝ
redistribute,ˌɹidɪˈstɹɪbjut
redouble,ɹiˈdəbəɫ
redound,ɹiˈdaʊnd
reduce,ɹəˈdus
reef,ˈɹif
reek,ˈɹik
reel,ˈɹiɫ
reelect,ɹiɪˈɫɛkt
reenact,ɹiɪˈnækt
reeve,ˈɹiv
refer,ɹəˈfɝ
referee,ˌɹɛfɝˈi
reference,ˈɹɛfɝəns
refinance,ˈɹiˈfaɪˌnæns
refine,ɹəˈfaɪn
refinish,ɹiˈfɪnɪʃ
refit,ɹiˈfɪt
reflate,ɹiˈfɫeɪt
reflect,ɹɪˈfɫɛkt
refocus,ɹiˈfoʊkəs
reforest,ɹiˈfɔɹəst
reform,ɹəˈfɔɹm
refrain,ɹɪˈfɹeɪn
refresh,ɹɪˈfɹɛʃ
refrigerate,ɹɪˈfɹɪdʒɝˌeɪt
refuel,ɹifˈjuəɫ
refund,ˈɹiˌfənd
refurbish,ɹiˈfɝbɪʃ
refuse,ˈɹɛfˌjuz
refute,ɹɪfˈjut
regale,ɹɪˈɡeɪɫ
regard,ɹɪˈɡɑɹd
regenerate,ɹiˈdʒɛnɝˌeɪt
regiment,ˈɹɛdʒəmənt
register,ˈɹɛdʒɪstɝ
regret,ɹəˈɡɹɛt
regroup,ɹiˈɡɹup
regulate,ˈɹɛɡjəˌɫeɪt
regurgitate,ˌɹɪˈɡɝdʒəˌteɪt
rehabilitate,ˌɹiəˈbɪɫəˌteɪt
rehash,ɹiˈhæʃ
rehear,ɹiˈhiɹ
rehearse,ɹiˈhɝs
reign,ˈɹeɪn
reignite,ˌɹiɪɡˈnaɪt
reimburse,ˌɹiɪmˈbɝs
reimpose,ˌɹiɪmˈpoʊz
rein,ˈɹeɪn
reincarnate,ˌɹiɪnˈkɑɹˌneɪt
reinforce,ˌɹiɪnˈfɔɹs
reinstall,ˌɹiɪnˈstɑɫ
reinstate,ˌɹiɪnˈsteɪt
reinsure,ˌɹiɪnˈʃʊɹ
reintegrate,ɹiˈɪntəˌɡɹeɪt
reinterpret,ˌɹiɪnˈtɝpɹət
reintroduce,ˌɹiɪntɹəˈdus
reinvent,ˌɹiɪnˈvɛnt
reissue,ɹiˈɪʃu
reject,ˈɹidʒɛkt
rejoice,ɹɪˈdʒɔɪs
rejoin,ɹiˈdʒɔɪn
rejuvenate,ɹɪˈdʒuvəˌneɪt
rekindle,ɹiˈkɪndəɫ
relate,ɹiˈɫeɪt
relax,ɹiˈɫæks
relay,ˈɹiˌɫeɪ
relearn,ɹiˈɫɛɹn
release,ɹiˈɫis
relegate,ˈɹɛɫəˌɡeɪt
relieve,ɹiˈɫiv
relive,ɹiˈɫɪv
reload,ɹiˈɫoʊd
relocate,ˌɹiˈɫoʊkeɪt
remain,ɹiˈmeɪn
remainder,ɹiˈmeɪndɝ
remake,ˈɹiˈmeɪk
remarry,ɹiˈmɛɹi
remedy,ˈɹɛmədi
remember,ɹiˈmɛmbɝ
remind,ɹiˈmaɪnd
reminisce,ˌɹɛməˈnɪs
remit,ɹiˈmɪt
remodel,ɹiˈmɑdəɫ
remove,ɹiˈmuv
rename,ɹiˈneɪm
render,ˈɹɛndɝ
rendezvous,ˈɹɑndɪˌvu
renege,ɹɪˈnɪɡ
renounce,ɹɪˈnaʊns
renovate,ˈɹɛnəˌveɪt
rent,ˈɹɛnt
reopen,ɹiˈoʊpən
reorder,ɹiˈɔɹdɝ
reorganize,ɹiˈɔɹɡəˌnaɪz
reorient,ɹiˈɔɹiɛnt
reorientate,ɹiˈɔɹiɛnteɪt
repaint,ɹiˈpeɪnt
repair,ɹɪˈpɛɹ
repatriate,ɹiˈpeɪtɹiˌeɪt
repeat,ɹiˈpit
repel,ɹɪˈpɛɫ
repent,ɹɪˈpɛnt
replace,ˌɹiˈpɫeɪs
replant,ɹiˈpɫænt
replay,ɹiˈpɫeɪ
replenish,ɹiˈpɫɛnɪʃ
replicate,ˈɹɛpɫəˌkeɪt
report,ɹiˈpɔɹt
repose,ɹiˈpoʊz
reposition,ˌɹipəˈzɪʃən
represent,ˌɹɛpɹɪˈzɛnt
reprieve,ɹiˈpɹiv
reprimand,ˈɹɛpɹəˌmænd
reprint,ɹiˈpɹɪnt
reprise,ɹɪˈpɹaɪz
reproach,ɹiˈpɹoʊtʃ
reprobate,ˈɹɛpɹɔbeɪt
reproduce,ˌɹipɹəˈdus
repudiate,ɹipˈjudiˌeɪt
request,ɹiˈkwɛst
requisition,ˌɹɛkwəˈzɪʃən
reread,ˈɹiˈɹid
rerun,ˈɹiˈɹən
reschedule,ɹiˈskɛdʒuɫ
rescue,ˈɹɛskju
reseal,ɹiˈsiɫ
research,ˈɹisɝtʃ
reseed,ɹiˈsid
resell,ɹiˈsɛɫ
resemble,ɹiˈzɛmbəɫ
resent,ɹiˈzɛnt
reserve,ɹiˈzɝv
reset,ˈɹisɛt
resettle,ɹiˈsɛtəɫ
reshape,ɹiˈʃeɪp
reshuffle,ɹiˈʃəfəɫ
reside,ɹiˈzaɪd
resign,ɹiˈsaɪn
resist,ɹiˈzɪst
resolve,ɹiˈzɑɫv
resonate,ˈɹɛzəˌneɪt
resound,ˌɹiˈsaʊnd
respect,ɹiˈspɛkt
respond,ɹiˈspɑnd
rest,ˈɹɛst
restart,ɹiˈstɑɹt
restock,ɹiˈstɑk
restore,ɹɪˈstɔɹ
restrain,ɹiˈstɹeɪn
restrict,ɹiˈstɹɪkt
restructure,ɹiˈstɹəktʃɝ
result,ɹiˈzəɫt
resume,ˈɹɛzəˌmeɪ
resurface,ɹiˈsɝfəs
resurrect,ˌɹɛzɝˈɛkt
resuscitate,ɹiˈsəsɪˌteɪt
retain,ɹiˈteɪn
retake,ˈɹiˈteɪk
retaliate,ɹiˈtæɫiˌeɪt
retard,ɹiˈtɑɹd
rethink,ɹiˈθɪŋk
retire,ˌɹiˈtaɪɝ
retool,ɹiˈtuɫ
retort,ˈɹiˌtɔɹt
retract,ɹiˈtɹækt
retrain,ɹiˈtɹeɪn
retread,ɹiˈtɹɛd
retreat,ɹiˈtɹit
retrench,ɹiˈtɹɛntʃ
retrieve,ɹiˈtɹiv
retrofit,ˈɹɛtɹoʊˌfɪt
retrograde,ˈɹɛtɹəˌɡɹeɪd
return,ɹiˈtɝn
reunify,ɹiˈunəˌfaɪ
reunite,ˌɹiuˈnaɪt
revalue,ɹiˈvæɫˌju
revamp,ɹiˈvæmp
reveal,ɹiˈviɫ
revel,ˈɹɛvəɫ
revenge,ɹiˈvɛndʒ
reverberate,ɹɪˈvɝbɝeɪt
reverence,ˈɹɛvɝəns
revert,ɹiˈvɝt
review,ˌɹivˈju
revise,ɹiˈvaɪz
revisit,ɹiˈvɪzɪt
revitalize,ɹiˈvaɪtəˌɫaɪz
revive,ɹiˈvaɪv
revoke,ɹiˈvoʊk
revolt,ɹiˈvoʊɫt
revolutionize,ˌɹɛvəˈɫuʃəˌnaɪz
revolve,ɹiˈvɑɫv
reward,ɹiˈwɔɹd
rewire,ɹiˈwaɪɝ
rework,ɹiˈwɝk
rewrite,ˈɹiˌɹaɪt
rhapsodize,ˈɹæpsəˌdaɪz
rhyme,ˈɹaɪm
rib,ˈɹɪb
rice,ˈɹaɪs
rick,ˈɹɪk
rid,ˈɹɪd
riddle,ˈɹɪdəɫ
ride,ˈɹaɪd
ridge,ˈɹɪdʒ
ridicule,ˈɹɪdəkˌjuɫ
riff,ˈɹɪf
riffle,ˈɹɪfəɫ
rig,ˈɹɪɡ
right,ˈɹaɪt
rim,ˈɹɪm
ring,ˈɹɪŋ
rinse,ˈɹɪns
riot,ˈɹaɪət
rip,ˈɹɪp
ripen,ˈɹaɪpən
ripple,ˈɹɪpəɫ
rise,ˈɹaɪz
risk,ˈɹɪsk
rival,ˈɹaɪvəɫ
rivet,ˈɹɪvət
roach,ˈɹoʊtʃ
roar,ˈɹɔɹ
roast,ˈɹoʊst
rob,ˈɹɑb
rock,ˈɹɑk
rocket,ˈɹɑkət
roil,ˈɹɔɪɫ
roll,ˈɹoʊɫ
romance,ˈɹoʊmæns
romanticize,ɹoʊˈmæntəˌsaɪz
romp,ˈɹɑmp
roof,ˈɹuf
roost,ˈɹust
root,ˈɹut
rope,ˈɹoʊp
rosin,ˈɹɑzən
rotate,ˈɹoʊˌteɪt
rouge,ˈɹuʒ
round,ˈɹaʊnd
rout,ˈɹaʊt
route,ˈɹaʊt
row,ˈɹoʊ
rub,ˈɹəb
rubberize,ˈɹəbɝˌaɪz
rubbish,ˈɹəbɪʃ
rubric,ˈɹubɹɪk
ruckle,ˈɹəkəɫ
ruddle,ˈɹədəɫ
ruffle,ˈɹəfəɫ
ruin,ˈɹuən
rule,ˈɹuɫ
rumble,ˈɹəmbəɫ
ruminate,ˈɹumɪˌneɪt
rummage,ˈɹəmɪdʒ
rumor,ˈɹumɝ
run,ˈɹən
rush,ˈɹəʃ
rust,ˈɹəst
rustle,ˈɹəsəɫ
rut,ˈɹət
saber,ˈseɪbɝ
sabotage,ˈsæbəˌtɑʒ
sabre,ˈseɪbɝ
sack,ˈsæk
sacrifice,ˈsækɹəˌfaɪs
sadden,ˈsædən
saddle,ˈsædəɫ
safeguard,ˈseɪfˌɡɑɹd
sag,ˈsæɡ
sail,ˈseɪɫ
salaam,səˈɫɑm
salivate,ˈsæɫəˌveɪt
salt,ˈsɔɫt
salute,səˈɫut
salvage,ˈsæɫvədʒ
salve,ˈsɑv
samba,ˈsɑmbə
sample,ˈsæmpəɫ
sanction,ˈsæŋkʃən
sandbag,ˈsændˌbæɡ
sandblast,ˈsændˌbɫæst
sandpaper,ˈsændˌpeɪpɝ
sandwich,ˈsæmwɪtʃ
sanitize,ˈsænɪˌtaɪz
sap,ˈsæp
sass,ˈsæs
satellite,ˈsætəˌɫaɪt
satirize,ˈsætɝˌaɪz
satisfy,ˈsætəsˌfaɪ
saturate,ˈsætʃɝˌeɪt
sauce,ˈsɔs
saute,sɔˈteɪ
savage,ˈsævədʒ
save,ˈseɪv
savor,ˈseɪvɝ
saw,ˈsɔ
say,ˈseɪ
scab,ˈskæb
scaffold,ˈskæfəɫd
scald,ˈskɔɫd
scale,ˈskeɪɫ
scallop,ˈskæɫəp
scalp,ˈskæɫp
scan,ˈskæn
scant,ˈskænt
scar,ˈskɑɹ
scarf,ˈskɑɹf
scatter,ˈskætɝ
scavenge,ˈskævəndʒ
scent,ˈsɛnt
schedule,ˈskɛdʒuɫ
scheme,ˈskim
schnorr,ˈʃnɔɹ
school,ˈskuɫ
scissor,ˈsɪzɝ
scoff,ˈskɔf
scoop,ˈskup
scorch,ˈskɔɹtʃ
score,ˈskɔɹ
scotch,ˈskɑtʃ
scour,ˈskaʊɝ
scourge,ˈskɝdʒ
scout,ˈskaʊt
scowl,ˈskaʊɫ
scram,ˈskɹæm
scramble,ˈskɹæmbəɫ
scrap,ˈskɹæp
scrape,ˈskɹeɪp
scratch,ˈskɹætʃ
scream,ˈskɹim
screen,ˈskɹin
screw,ˈskɹu
scribble,ˈskɹɪbəɫ
scribe,ˈskɹaɪb
scrimmage,ˈskɹɪmɪdʒ
script,ˈskɹɪpt
scroll,ˈskɹoʊɫ
scrounge,ˈskɹaʊndʒ
scrub,ˈskɹəb
scruple,ˈskɹupəɫ
scud,ˈskəd
scuff,ˈskəf
scuffle,ˈskəfəɫ
scull,ˈskəɫ
sculpt,ˈskəɫpt
scum,ˈskəm
scurry,ˈskɝi
scythe,ˈsaɪθ
seal,ˈsiɫ
seam,ˈsim
sear,ˈsɪɹ
search,ˈsɝtʃ
season,ˈsizən
seat,ˈsit
secede,sɪˈsid
seclude,səˈkɫud
second,ˈsɛkənd
secrete,sɪˈkɹit
secure,sɪkˈjʊɹ
sedate,sɪˈdeɪt
sediment,ˈsɛdəmənt
seduce,sɪˈdus
see,ˈsi
seed,ˈsid
seek,ˈsik
seel,ˈsiɫ
seem,ˈsim
seep,ˈsip
seesaw,ˈsiˌsɔ
seethe,ˈsið
segment,ˈsɛɡmənt
segregate,ˈsɛɡɹəˌɡeɪt
segue,ˈsɛɡ
seine,ˈseɪn
seize,ˈsiz
sell,ˈsɛɫ
send,ˈsɛnd
sense,ˈsɛns
sensitize,ˈsɛnsəˌtaɪz
sentence,ˈsɛntəns
separate,ˈsɛpɝˌeɪt
sequence,ˈsikwəns
sequester,sɪˈkwɛstɝ
serenade,ˌsɛɹəˈneɪd
serialize,ˈsɪˌɹiəˌɫaɪz
serrate,ˈsɛˌɹeɪt
serve,ˈsɝv
service,ˈsɝvəs
set,ˈsɛt
settle,ˈsɛtəɫ
sever,ˈsɛvɝ
sew,ˈsoʊ
sex,ˈsɛks
shade,ˈʃeɪd
shadow,ˈʃæˌdoʊ
shaft,ˈʃæft
shag,ˈʃæɡ
shake,ˈʃeɪk
shallow,ˈʃæɫoʊ
shame,ˈʃeɪm
shampoo,ʃæmˈpu
shanghai,ˈʃæŋˈhaɪ
shape,ˈʃeɪp
share,ˈʃɛɹ
shark,ˈʃɑɹk
sharpen,ˈʃɑɹpən
shatter,ˈʃætɝ
shave,ˈʃeɪv
shear,ˈʃɪɹ
sheathe,ˈʃið
shed,ˈʃɛd
sheer,ˈʃɪɹ
sheet,ˈʃit
shell,ˈʃɛɫ
shellac,ˈʃɛˌɫæk
shelter,ˈʃɛɫtɝ
shelve,ˈʃɛɫv
shepherd,ˈʃɛpɝd
shield,ˈʃiɫd
shift,ˈʃɪft
shill,ˈʃɪɫ
shimmer,ˈʃɪmɝ
shimmy,ˈʃɪmi
shine,ˈʃaɪn
shingle,ˈʃɪŋɡəɫ
ship,ˈʃɪp
shipwreck,ˈʃɪpɹɛk
shirk,ˈʃɝk
shirr,ˈʃɝ
shirt,ˈʃɝt
shiver,ˈʃɪvɝ
shmooze,ˈʃmuz
shock,ˈʃɑk
shoe,ˈʃu
shoehorn,ˈʃuˌhɔɹn
shoot,ˈʃut
shop,ˈʃɑp
shoplift,ˈʃɑˌpɫɪft
shore,ˈʃɔɹ
shorten,ˈʃɔɹtən
shoulder,ˈʃoʊɫdɝ
shout,ˈʃaʊt
shove,ˈʃəv
shovel,ˈʃəvəɫ
show,ˈʃoʊ
shower,ˈʃaʊɝ
shred,ˈʃɹɛd
shriek,ˈʃɹik
shrimp,ˈʃɹɪmp
shrink,ˈʃɹɪŋk
shrivel,ˈʃɹɪvəɫ
shroud,ˈʃɹaʊd
shrug,ˈʃɹəɡ
shuck,ˈʃək
shudder,ˈʃədɝ
shuffle,ˈʃəfəɫ
shun,ˈʃən
shunt,ˈʃənt
shutter,ˈʃətɝ
shy,ˈʃaɪ
sic,ˈsɪk
sicken,ˈsɪkən
side,ˈsaɪd
sideline,ˈsaɪdˌɫaɪn
sidetrack,ˈsaɪdˌtɹæk
sidle,ˈsaɪdəɫ
sieve,ˈsɪv
sift,ˈsɪft
sigh,ˈsaɪ
sight,ˈsaɪt
sightsee,ˈsaɪtˈsi
sign,ˈsaɪn
signify,ˈsɪɡnəˌfaɪ
signpost,ˈsaɪnˌpoʊst
silence,ˈsaɪɫəns
silhouette,ˌsɪɫəˈwɛt
silver,ˈsɪɫvɝ
silverplate,ˈsɪɫvɝˈpɫeɪt
simmer,ˈsɪmɝ
simplify,ˈsɪmpɫəˌfaɪ
simulate,ˈsɪmjəˌɫeɪt
sin,ˈsɪn
sing,ˈsɪŋ
singe,ˈsɪndʒ
single,ˈsɪŋɡəɫ
sink,ˈsɪŋk
sip,ˈsɪp
siphon,ˈsaɪfən
sit,ˈsɪt
situate,ˈsɪtʃuˌeɪt
size,ˈsaɪz
sizzle,ˈsɪzəɫ
skate,ˈskeɪt
skateboard,ˈskeɪtˌbɔɹd
sketch,ˈskɛtʃ
skew,ˈskju
skewer,ˈskjuɝ
ski,ˈski
skid,ˈskɪd
skim,ˈskɪm
skimp,ˈskɪmp
skin,ˈskɪn
skip,ˈskɪp
skipper,ˈskɪpɝ
skirmish,ˈskɝmɪʃ
skirt,ˈskɝt
skittle,ˈskɪtəɫ
skulk,ˈskəɫk
slack,ˈsɫæk
slacken,ˈsɫækən
slag,ˈsɫæɡ
slalom,ˈsɫɑɫəm
slam,ˈsɫæm
slang,ˈsɫæŋ
slant,ˈsɫænt
slap,ˈsɫæp
slash,ˈsɫæʃ
slat,ˈsɫæt
slate,ˈsɫeɪt
slather,ˈsɫæðɝ
slave,ˈsɫeɪv
sled,ˈsɫɛd
sledge,ˈsɫɛdʒ
sledgehammer,ˈsɫɛdʒˌhæmɝ
sleep,ˈsɫip
sleepwalk,ˈsɫipˌwɔk
sleet,ˈsɫit
slice,ˈsɫaɪs
slick,ˈsɫɪk
slide,ˈsɫaɪd
slight,ˈsɫaɪt
slime,ˈsɫaɪm
sling,ˈsɫɪŋ
slip,ˈsɫɪp
slit,ˈsɫɪt
slither,ˈsɫɪðɝ
sliver,ˈsɫɪvɝ
slog,ˈsɫɑɡ
slop,ˈsɫɑp
slope,ˈsɫoʊp
slosh,ˈsɫɑʃ
slot,ˈsɫɑt
slouch,ˈsɫaʊtʃ
slow,ˈsɫoʊ
slug,ˈsɫəɡ
sluice,ˈsɫus
slum,ˈsɫəm
slump,ˈsɫəmp
slur,ˈsɫɝ
slurp,ˈsɫɝp
smack,ˈsmæk
smash,ˈsmæʃ
smatter,ˈsmætɝ
smear,ˈsmɪɹ
smell,ˈsmɛɫ
smelt,ˈsmɛɫt
smile,ˈsmaɪɫ
smirk,ˈsmɝk
smock,ˈsmɑk
smoke,ˈsmoʊk
smolder,ˈsmoʊɫdɝ
smooch,ˈsmutʃ
smooth,ˈsmuð
smoothen,ˈsmuðɪn
smother,ˈsməðɝ
smuggle,ˈsməɡəɫ
smut,ˈsmət
snafu,ˈsnæfu
snag,ˈsnæɡ
snail,ˈsneɪɫ
snake,ˈsneɪk
snap,ˈsnæp
snarl,ˈsnɑɹɫ
snatch,ˈsnætʃ
sneak,ˈsnik
sneer,ˈsnɪɹ
sneeze,ˈsniz
snicker,ˈsnɪkɝ
sniff,ˈsnɪf
snip,ˈsnɪp
snipe,ˈsnaɪp
snooker,ˈsnʊkɝ
snooze,ˈsnuz
snore,ˈsnɔɹ
snorkel,ˈsnɔɹkəɫ
snort,ˈsnɔɹt
snow,ˈsnoʊ
snowball,ˈsnoʊˌbɔɫ
snowboard,ˈsnoʊˌbɔɹd
snowmobile,ˈsnoʊmoʊˌbiɫ
snowshoe,ˈsnoʊˌʃu
snuff,ˈsnəf
soak,ˈsoʊk
soap,ˈsoʊp
soar,ˈsɔɹ
sob,ˈsɑb
sober,ˈsoʊbɝ
socialize,ˈsoʊʃəˌɫaɪz
sock,ˈsɑk
sod,ˈsɑd
sodomize,ˈsɔdəˌmaɪz
soften,ˈsɑfən
sojourn,ˈsoʊdʒɝn
solder,ˈsɑdɝ
soldier,ˈsoʊɫdʒɝ
sole,ˈsoʊɫ
solicit,səˈɫɪsɪt
solidify,səˈɫɪdəˌfaɪ
solo,ˈsoʊˌɫoʊ
solve,ˈsɑɫv
somersault,ˈsəmɝˌsɔɫt
sonnet,ˈsɑnɪt
soot,ˈsʊt
soothe,ˈsuð
sop,ˈsɑp
sophisticate,səˈfɪstəˌkeɪt
sound,ˈsaʊnd
soup,ˈsup
sour,ˈsaʊɝ
source,ˈsɔɹs
sow,ˈsaʊ
space,ˈspeɪs
spacewalk,ˈspeɪˌswɑk
spade,ˈspeɪd
spam,ˈspæm
spang,ˈspæŋ
spangle,ˈspæŋɡəɫ
spank,ˈspæŋk
spar,ˈspɑɹ
spare,ˈspɛɹ
spark,ˈspɑɹk
sparkle,ˈspɑɹkəɫ
spat,ˈspæt
spatter,ˈspætɝ
spawn,ˈspɑn
speak,ˈspik
spear,ˈspɪɹ
spearhead,ˈspɪɹˌhɛd
specialize,ˈspɛʃəˌɫaɪz
specify,ˈspɛsəˌfaɪ
speck,ˈspɛk
speckle,ˈspɛkəɫ
speculate,ˈspɛkjəˌɫeɪt
speechify,ˈspitʃəˌfaɪ
speed,ˈspid
spell,ˈspɛɫ
spend,ˈspɛnd
spew,ˈspju
spice,ˈspaɪs
spiel,ˈspiɫ
spike,ˈspaɪk
spill,ˈspɪɫ
spin,ˈspɪn
spiral,ˈspaɪɹəɫ
spirit,ˈspɪɹət
spit,ˈspɪt
splash,ˈspɫæʃ
splat,ˈspɫæt
splice,ˈspɫaɪs
splint,ˈspɫɪnt
splinter,ˈspɫɪntɝ
splurge,ˈspɫɝdʒ
spoil,ˈspɔɪɫ
sponge,ˈspəndʒ
sponsor,ˈspɑnsɝ
spoof,ˈspuf
spook,ˈspuk
spool,ˈspuɫ
spoon,ˈspun
sport,ˈspɔɹt
spot,ˈspɑt
spotlight,ˈspɑtˌɫaɪt
sprawl,ˈspɹɔɫ
spray,ˈspɹeɪ
spread,ˈspɹɛd
spree,ˈspɹi
spring,ˈspɹɪŋ
sprinkle,ˈspɹɪŋkəɫ
sprint,ˈspɹɪnt
sprout,ˈspɹaʊt
spud,ˈspəd
spur,ˈspɝ
spurt,ˈspɝt
sputter,ˈspətɝ
spy,ˈspaɪ
squall,ˈskwɔɫ
square,ˈskwɛɹ
squash,ˈskwɑʃ
squat,ˈskwɑt
squawk,ˈskwɔk
squeal,ˈskwiɫ
squeegee,ˈskwidʒi
squeeze,ˈskwiz
squelch,ˈskwɛɫtʃ
squint,ˈskwɪnt
squire,ˈskwaɪɹ
squirt,ˈskwɝt
stab,ˈstæb
stabilize,ˈsteɪbəˌɫaɪz
stable,ˈsteɪbəɫ
stack,ˈstæk
staff,ˈstæf
stag,ˈstæɡ
stage,ˈsteɪdʒ
stagger,ˈstæɡɝ
stagnate,ˈstæɡˌneɪt
stain,ˈsteɪn
stake,ˈsteɪk
stale,ˈsteɪɫ
stalemate,ˈsteɪɫˌmeɪt
stalinize,ˈstæɫɪˌnaɪz
stalk,ˈstɔk
stall,ˈstɔɫ
stamp,ˈstæmp
stampede,stæmˈpid
stand,ˈstænd
standardize,ˈstændɝˌdaɪz
staple,ˈsteɪpəɫ
star,ˈstɑɹ
starboard,ˈstɑɹbɝd
stare,ˈstɛɹ
start,ˈstɑɹt
startle,ˈstɑɹtəɫ
starve,ˈstɑɹv
state,ˈsteɪt
station,ˈsteɪʃən
stave,ˈsteɪv
stay,ˈsteɪ
steady,ˈstɛdi
steal,ˈstiɫ
steam,ˈstim
steamroller,ˈstimˌɹoʊɫɝ
steel,ˈstiɫ
steep,ˈstip
steer,ˈstɪɹ
stem,ˈstɛm
stencil,ˈstɛnsɪɫ
step,ˈstɛp
sterilize,ˈstɛɹəˌɫaɪz
stet,ˈstɛt
stew,ˈstu
stick,ˈstɪk
stickle,ˈstɪkəɫ
stiffen,ˈstɪfən
stifle,ˈstaɪfəɫ
stigmatize,ˈstɪɡməˌtaɪz
still,ˈstɪɫ
stimulate,ˈstɪmjəˌɫeɪt
sting,ˈstɪŋ
stink,ˈstɪŋk
stint,ˈstɪnt
stipulate,ˈstɪpjəˌɫeɪt
stir,ˈstɝ
stock,ˈstɑk
stockade,ˈstɑˌkeɪd
stoke,ˈstoʊk
stomach,ˈstəmək
stomp,ˈstɑmp
stone,ˈstoʊn
stonewall,ˈstoʊnˌwɔɫ
stooge,ˈstudʒ
stool,ˈstuɫ
stoop,ˈstup
stop,ˈstɑp
stopper,ˈstɑpɝ
store,ˈstɔɹ
storm,ˈstɔɹm
stow,ˈstoʊ
straddle,ˈstɹædəɫ
strafe,ˈstɹeɪf
straighten,ˈstɹeɪtən
strain,ˈstɹeɪn
strangle,ˈstɹæŋɡəɫ
strangulate,ˈstɹæŋɡjəˌɫeɪt
strap,ˈstɹæp
stratify,ˈstɹætəˌfaɪ
straw,ˈstɹɔ
stray,ˈstɹeɪ
streak,ˈstɹik
stream,ˈstɹim
strengthen,ˈstɹɛŋθən
stress,ˈstɹɛs
stretch,ˈstɹɛtʃ
strew,ˈstɹu
stride,ˈstɹaɪd
strike,ˈstɹaɪk
string,ˈstɹɪŋ
strip,ˈstɹɪp
stripe,ˈstɹaɪp
strive,ˈstɹaɪv
stroke,ˈstɹoʊk
stroll,ˈstɹoʊɫ
structure,ˈstɹəktʃɝ
struggle,ˈstɹəɡəɫ
strum,ˈstɹəm
stub,ˈstəb
stucco,ˈstəkoʊ
stud,ˈstəd
study,ˈstədi
stuff,ˈstəf
stultify,ˈstəɫtəˌfaɪ
stumble,ˈstəmbəɫ
stump,ˈstəmp
stun,ˈstən
stunt,ˈstənt
style,ˈstaɪɫ
stylize,ˈstaɪˌɫaɪz
subcontract,səbˈkɑnˌtɹækt
subdivide,ˌsəbdəˈvaɪd
subject,ˈsəbdʒɪkt
subjugate,ˈsəbdʒəˌɡeɪt
sublet,ˈsəˌbɫɛt
sublime,səˈbɫaɪm
submarine,ˈsəbmɝˌin
submerge,səbˈmɝdʒ
submit,səbˈmɪt
subordinate,səˈbɔɹdəˌneɪt
subpoena,səˈpinə
subscribe,səbsˈkɹaɪb
subside,səbˈsaɪd
subsidize,ˈsəbsɪˌdaɪz
substantiate,səbˈstænʃiˌeɪt
substitute,ˈsəbstəˌtut
subtitle,ˈsəbˌtaɪtəɫ
subtract,səbˈtɹækt
suburbanize,səˈbɝbəˌnaɪz
subvert,səbˈvɝt
succeed,səkˈsid
succor,ˈsəkɝ
succumb,səˈkəm
suck,ˈsək
suckle,ˈsəkəɫ
suction,ˈsəkʃən
suds,ˈsədz
suffer,ˈsəfɝ
suffice,səˈfaɪs
suffix,ˈsəfɪks
suffocate,ˈsəfəˌkeɪt
suffuse,səfˈjuz
sugar,ˈʃʊɡɝ
suggest,səˈdʒɛst
suit,ˈsut
sulfate,ˈsəɫˌfeɪt
sulk,ˈsəɫk
sulphur,ˈsəɫfɝ
summarize,ˈsəmɝˌaɪz
summer,ˈsəmɝ
summit,ˈsəmət
summon,ˈsəmən
sun,ˈsən
sunburn,ˈsənˌbɝn
sunday,ˈsənˌdeɪ
sunder,ˈsəndɝ
suntan,ˈsənˌtæn
sup,ˈsəp
supercharge,ˌsupɝˈtʃɑɹdʒ
superimpose,ˌsupɝəmˈpoʊz
supplant,səˈpɫænt
supple,ˈsəpəɫ
supplement,ˈsəpɫəmənt
supply,səˈpɫaɪ
support,səˈpɔɹt
suppose,səˈpoʊz
suppress,səˈpɹɛs
surcharge,ˈsɝˌtʃɑɹdʒ
surf,ˈsɝf
surface,ˈsɝfəs
surfboard,ˈsɝfˌbɔɹd
surfeit,ˈsɝfət
surge,ˈsɝdʒ
surmise,sɝˈmaɪz
surmount,sɝˈmaʊnt
surpass,sɝˈpæs
surprise,səˈpɹaɪz
surrender,sɝˈɛndɝ
surround,sɝˈaʊnd
surtax,ˈsɝˌtæks
surveil,sɝˈveɪɫ
survey,ˈsɝˌveɪ
survive,sɝˈvaɪv
suspect,ˈsəsˌpɛkt
suspend,səˈspɛnd
sustain,səˈsteɪn
suture,ˈsutʃɝ
swab,ˈswɑb
swagger,ˈswæɡɝ
swallow,ˈswɑɫoʊ
swan,ˈswɑn
swap,ˈswɑp
swat,ˈswɑt
swear,ˈswɛɹ
sweat,ˈswɛt
sweep,ˈswip
sweeten,ˈswitən
swell,ˈswɛɫ
swelter,ˈswɛɫtɝ
swerve,ˈswɝv
swill,ˈswɪɫ
swim,ˈswɪm
swing,ˈswɪŋ
swipe,ˈswaɪp
switch,ˈswɪtʃ
swoop,ˈswup
symbolize,ˈsɪmbəˌɫaɪz
sympathize,ˈsɪmpəˌθaɪz
synchronize,ˈsɪŋkɹəˌnaɪz
syncopate,ˈsɪŋkəˌpeɪt
syndicate,ˈsɪndəˌkeɪt
synthesize,ˈsɪnθəˌsaɪz
syringe,ˈsɪɹɪndʒ
taboo,tæˈbu
tabulate,ˈtæbjəˌɫeɪt
tack,ˈtæk
tackle,ˈtækəɫ
tag,ˈtæɡ
tail,ˈteɪɫ
tailgate,ˈteɪɫˌɡeɪt
take,ˈteɪk
talc,ˈtæɫk
talk,ˈtɔk
tally,ˈtæɫi
tame,ˈteɪm
tamper,ˈtæmpɝ
tampon,ˈtæmpɑn
tan,ˈtæn
tango,ˈtæŋɡoʊ
tank,ˈtæŋk
tap,ˈtæp
tape,ˈteɪp
taper,ˈteɪpɝ
tar,ˈtɑɹ
target,ˈtɑɹɡət
tariff,ˈtɛɹəf
tarnish,ˈtɑɹnɪʃ
tarry,ˈtɛɹi
task,ˈtæsk
taste,ˈteɪst
tat,ˈtæt
tattoo,ˌtæˈtu
tax,ˈtæks
taxi,ˈtæksi
teach,ˈtitʃ
team,ˈtim
tear,ˈtɛɹ
tease,ˈtiz
tee,ˈti
teem,ˈtim
teeter,ˈtitɝ
teethe,ˈtið
telecast,ˈtɛɫəˌkæst
teleport,ˈtɛɫəˈpɔɹt
telescope,ˈtɛɫəˌskoʊp
telex,ˈtɛˌɫɛks
tell,ˈtɛɫ
temper,ˈtɛmpɝ
temporize,ˈtɛmpɝˌaɪz
tempt,ˈtɛmpt
tenant,ˈtɛnənt
tend,ˈtɛnd
tender,ˈtɛndɝ
tense,ˈtɛns
tenure,ˈtɛnjɝ
term,ˈtɝm
terrace,ˈtɛɹəs
terrify,ˈtɛɹəˌfaɪ
terrorize,ˈtɛɹɝˌaɪz
test,ˈtɛst
testify,ˈtɛstəˌfaɪ
tether,ˈtɛðɝ
thank,ˈθæŋk
thatch,ˈθætʃ
theorize,ˈθiɝˌaɪz
thermostat,ˈθɝməˌstæt
thicken,ˈθɪkən
thin,ˈθɪn
think,ˈθɪŋk
thirst,ˈθɝst
thrash,ˈθɹæʃ
thread,ˈθɹɛd
threaten,ˈθɹɛtən
thrill,ˈθɹɪɫ
thrive,ˈθɹaɪv
throb,ˈθɹɑb
throne,ˈθɹoʊn
throng,ˈθɹɔŋ
throw,ˈθɹoʊ
thrust,ˈθɹəst
thud,ˈθəd
thump,ˈθəmp
thunder,ˈθəndɝ
thwart,ˈθwɔɹt
tick,ˈtɪk
ticket,ˈtɪkət
tickle,ˈtɪkəɫ
tide,ˈtaɪd
tidy,ˈtaɪdi
tie,ˈtaɪ
tighten,ˈtaɪtən
tile,ˈtaɪɫ
till,ˈtɪɫ
tilt,ˈtɪɫt
time,ˈtaɪm
tin,ˈtɪn
tincture,ˈtɪŋktʃɝ
ting,ˈtɪŋ
tinge,ˈtɪndʒ
tinker,ˈtɪŋkɝ
tinkle,ˈtɪŋkəɫ
tinsel,ˈtɪnsəɫ
tint,ˈtɪnt
tip,ˈtɪp
tipple,ˈtɪpəɫ
tiptoe,ˈtɪpˌtoʊ
tire,ˈtaɪɝ
tithe,ˈtaɪð
titillate,ˈtɪtəˌɫeɪt
toast,ˈtoʊst
toboggan,təˈbɑɡən
toddle,ˈtɑdəɫ
toe,ˈtoʊ
toggle,ˈtɑɡəɫ
tolerate,ˈtɑɫɝˌeɪt
toll,ˈtoʊɫ
tomahawk,ˈtɑməˌhɔk
tone,ˈtoʊn
tongue,ˈtəŋ
tool,ˈtuɫ
tootle,ˈtutəɫ
top,ˈtɑp
topple,ˈtɑpəɫ
torch,ˈtɔɹtʃ
torment,ˈtɔɹˌmɛnt
torpedo,tɔɹˈpiˌdoʊ
torture,ˈtɔɹtʃɝ
toss,ˈtɔs
total,ˈtoʊtəɫ
totter,ˈtɑtɝ
touch,ˈtətʃ
toughen,ˈtəfən
tour,ˈtʊɹ
tourney,ˈtɝni
tout,ˈtaʊt
tow,ˈtoʊ
towel,ˈtaʊəɫ
toy,ˈtɔɪ
trace,ˈtɹeɪs
track,ˈtɹæk
trade,ˈtɹeɪd
traffic,ˈtɹæfɪk
trail,ˈtɹeɪɫ
train,ˈtɹeɪn
traipse,ˈtɹeɪps
tram,ˈtɹæm
tramp,ˈtɹæmp
trample,ˈtɹæmpəɫ
transact,tɹænˈzækt
transcribe,tɹænsˈkɹaɪb
transect,ˈtɹænˌsɛkt
transfer,ˈtɹænsfɝ
transform,ˈtɹænsfɔɹm
transfuse,tɹænsˈfjuz
transgress,tɹænzˈɡɹɛs
transit,ˈtɹænzɪt
transition,tɹænˈzɪʃən
translate,tɹænˈsɫeɪt
transmit,tɹænzˈmɪt
transpire,tɹænˈspaɪɝ
transplant,tɹænsˈpɫænt
transport,ˈtɹænspɔɹt
transpose,tɹænˈspoʊz
trap,ˈtɹæp
trash,ˈtɹæʃ
traumatize,ˈtɹɔməˌtaɪz
travel,ˈtɹævəɫ
traverse,ˈtɹævɝs
travesty,ˈtɹævəsti
tread,ˈtɹɛd
treat,ˈtɹit
treble,ˈtɹɛbəɫ
tree,ˈtɹi
trek,ˈtɹɛk
trellis,ˈtɹɛɫəs
tremble,ˈtɹɛmbəɫ
tremor,ˈtɹɛmɝ
trench,ˈtɹɛntʃ
trespass,ˈtɹɛsˌpæs
trice,ˈtɹaɪs
trickle,ˈtɹɪkəɫ
trigger,ˈtɹɪɡɝ
trim,ˈtɹɪm
trip,ˈtɹɪp
triple,ˈtɹɪpəɫ
triplicate,ˈtɹɪpɫɪkət
troll,ˈtɹoʊɫ
troop,ˈtɹup
trot,ˈtɹɑt
trouble,ˈtɹəbəɫ
trowel,ˈtɹaʊwɛɫ
truck,ˈtɹək
trump,ˈtɹəmp
trumpet,ˈtɹəmpət
truncate,ˈtɹəŋˌkeɪt
trundle,ˈtɹəndəɫ
truss,ˈtɹəs
trust,ˈtɹəst
try,ˈtɹaɪ
tube,ˈtjub
tuck,ˈtək
tug,ˈtəɡ
tumble,ˈtəmbəɫ
tune,ˈtun
tunnel,ˈtənəɫ
turf,ˈtɝf
turn,ˈtɝn
turtle,ˈtɝtəɫ
tusk,ˈtəsk
tutor,ˈtutɝ
twang,ˈtwɑŋ
tweak,ˈtwik
tweedle,ˈtwidəɫ
tweet,ˈtwit
twiddle,ˈtwɪdəɫ
twig,ˈtwɪɡ
twill,ˈtwɪɫ
twin,ˈtwɪn
twine,ˈtwaɪn
twinge,ˈtwɪndʒ
twinkle,ˈtwɪŋkəɫ
twist,ˈtwɪst
twitch,ˈtwɪtʃ
type,ˈtaɪp
typecast,ˈtaɪpˌkæst
typify,ˈtɪpəˌfaɪ
unbalance,ənˈbæɫəns
unbend,ˌənˈbɛnd
unbolt,ˈənˌboʊɫt
unbox,ənˈbɔks
unburden,ənˈbɝdən
unbutton,ənˈbətən
uncoil,ˌənˈkɔɪɫ
uncork,ənˈkɔɹk
uncouple,ənˈkəpəɫ
uncover,ənˈkəvɝ
underbid,ˈəndɝˌbɪd
undercut,ˈəndɝˌkət
underdevelop,ˌəndɝdɪˈvɛɫəp
underestimate,ˈəndɝˈɛstəˌmeɪt
underlie,ˌəndɝˈɫaɪ
underline,ˈəndɝˌɫaɪn
undernourish,ˌəndɝˈnɝɪʃ
underperform,ˈəndɝpɝˌfɔɹm
underpin,ˈəndɝˌpɪn
underplay,ˌəndɝˈpɫeɪ
underscore,ˌəndɝˈskɔɹ
undersell,ˈəndɝˌsɛɫ
understand,ˌəndɝˈstænd
understate,ˈəndɝˌsteɪt
understudy,ˈəndɝˌstədi
undertake,ˈəndɝˌteɪk
undervalue,ˈəndɝˌvæɫju
underwrite,ˈəndɝˌɹaɪt
undo,ənˈdu
undock,ənˈdɑk
undress,ənˈdɹɛs
undulate,ˈəndʒəˌɫeɪt
unearth,əˈnɝθ
unfold,ənˈfoʊɫd
unfurl,ənˈfɝɫ
unhinge,ənˈhɪndʒ
unhitch,ənˈhɪtʃ
unhook,ənˈhʊk
unicycle,ˈjunəˌsaɪkəɫ
uniform,ˈjunəˌfɔɹm
unify,ˈjunəˌfaɪ
unionize,ˈjunjəˌnaɪz
unite,ˈjuˌnaɪt
unleash,ənˈɫiʃ
unload,ənˈɫoʊd
unlock,ənˈɫɑk
unmask,ənˈmæsk
unpack,ənˈpæk
unplug,ənˈpɫəɡ
unravel,ənˈɹævəɫ
unscramble,ənsˈkɹæmbəɫ
unseal,ənˈsiɫ
unseat,ənˈsit
untie,ənˈtaɪ
unveil,ənˈveɪɫ
unwind,ənˈwaɪnd
unwrap,ənˈɹæp
unzip,ənˈzɪp
up,ˈəp
update,ˈəpˌdeɪt
upgrade,ˈəpˈɡɹeɪd
uphold,əpˈhoʊɫd
upholster,əˈpoʊɫstɝ
uplift,ˈəpɫɪft
uprise,ˈəpɹaɪz
uproot,əˈpɹut
upset,ˈəpˌsɛt
upstage,əpˈsteɪdʒ
urbanize,ˈɝbəˌnaɪz
urge,ˈɝdʒ
urinate,ˈjɝəˌneɪt
use,ˈjus
usher,ˈəʃɝ
usurp,ˌjuˈsɝp
utilize,ˈjutəˌɫaɪz
utter,ˈətɝ
vacate,ˈveɪkeɪt
vacation,veɪˈkeɪʃən
vacuum,ˈvækjum
valet,væˈɫeɪ
validate,ˈvæɫədeɪt
value,ˈvæɫju
vamp,ˈvæmp
vandalize,ˈvændəˌɫaɪz
vanish,ˈvænɪʃ
variegate,ˈvɛɹɪɡeɪt
varnish,ˈvɑɹnɪʃ
vary,ˈvɛɹi
vault,ˈvɔɫt
veer,ˈvɪɹ
vegetate,ˈvɛdʒəˌteɪt
veil,ˈveɪɫ
vein,ˈveɪn
velcro,ˈvɛɫkɹoʊ
veneer,vəˈnɪɹ
vent,ˈvɛnt
ventilate,ˈvɛnəˌɫeɪt
venture,ˈvɛntʃɝ
verbalize,ˈvɝbəˌɫaɪz
verge,ˈvɝdʒ
verify,ˈvɛɹəˌfaɪ
vermilion,vɝˈmɪɫjən
verse,ˈvɝs
vest,ˈvɛst
vet,ˈvɛt
veto,ˈviˌtoʊ
vex,ˈvɛks
vibrate,ˈvaɪbɹeɪt
victimize,ˈvɪktəmaɪz
videotape,ˈvɪdioʊˈteɪp
view,ˈvju
vilify,ˈvɪɫɪˌfaɪ
vindicate,ˈvɪndəkeɪt
violate,ˈvaɪəɫeɪt
visa,ˈvizə
visit,ˈvɪzɪt
visualize,ˈvɪʒwəˌɫaɪz
vitriol,ˈvɪtɹiəɫ
vocalize,ˈvoʊkəˌɫaɪz
vociferate,vəˈsɪfɝeɪt
voice,ˈvɔɪs
void,ˈvɔɪd
volley,ˈvɑɫi
volunteer,ˌvɑɫənˈtɪɹ
vomit,ˈvɑmət
voodoo,ˈvuˌdu
vote,ˈvoʊt
vouch,ˈvaʊtʃ
vow,ˈvaʊ
voyage,ˈvɔɪədʒ
wade,ˈweɪd
waft,ˈwɑft
wag,ˈwæɡ
wail,ˈweɪɫ
wait,ˈweɪt
waive,ˈweɪv
wake,ˈweɪk
walk,ˈwɑk
wall,ˈwɔɫ
wallop,ˈwɑɫəp
wallow,ˈwɑɫoʊ
wallpaper,ˈwɔɫˌpeɪpɝ
waltz,ˈwɔɫs
wamble,ˈwɑmbəɫ
wan,ˈwɑn
wander,ˈwɑndɝ
wane,ˈweɪn
wangle,ˈwæŋɡəɫ
want,ˈwɑnt
wanton,ˈwɑntən
war,ˈwɔɹ
warble,ˈwɔɹbəɫ
warehouse,ˈwɛɹˌhaʊs
warm,ˈwɔɹm
warn,ˈwɔɹn
wash,ˈwɑʃ
waste,ˈweɪst
watch,ˈwɑtʃ
water,ˈwɔtɝ
waterproof,ˈwɔtɝˌpɹuf
wattle,ˈwɑtəɫ
wave,ˈweɪv
waver,ˈweɪvɝ
wax,ˈwæks
weaken,ˈwikən
wean,ˈwin
wear,ˈwɛɹ
weather,ˈwɛðɝ
weatherproof,ˈwɛðɝˌpɹuf
weave,ˈwiv
web,ˈwɛb
wedel,ˈwɛdəɫ
wedge,ˈwɛdʒ
weed,ˈwid
weekend,ˈwiˌkɛnd
weigh,ˈweɪ
welcome,ˈwɛɫkəm
weld,ˈwɛɫd
well,ˈwɛɫ
welsh,ˈwɛɫʃ
welt,ˈwɛɫt
welter,ˈwɛɫtɝ
wench,ˈwɛntʃ
wend,ˈwɛnd
wet,ˈwɛt
whack,ˈhwæk
whale,ˈhweɪɫ
whang,ˈhwæŋ
wharf,ˈhwɔɹf
wheel,ˈhwiɫ
wheelbarrow,ˈhwiɫˌbɛɹoʊ
wheeze,ˈhwiz
whet,ˈhwɛt
whiff,ˈhwɪf
whip,ˈhwɪp
whipsaw,ˈhwɪpˌsɔ
whirl,ˈhwɝɫ
whisk,ˈhwɪsk
whisper,ˈhwɪspɝ
whistle,ˈhwɪsəɫ
whiten,ˈhwaɪtən
whitewash,ˈhwaɪtˌwɑʃ
whittle,ˈhwɪtəɫ
wholesale,ˈhoʊɫˌseɪɫ
whoop,ˈhwup
whoosh,ˈhwuʃ
whore,ˈhɔɹ
widen,ˈwaɪdən
widow,ˈwɪdoʊ
wield,ˈwiɫd
will,ˈwɪɫ
wilt,ˈwɪɫt
win,ˈwɪn
wince,ˈwɪns
winch,ˈwɪntʃ
wind,ˈwaɪnd
wine,ˈwaɪn
wink,ˈwɪŋk
winkle,ˈwɪŋkəɫ
winnow,ˈwɪˌnoʊ
winter,ˈwɪntɝ
winterize,ˈwɪntɝˌaɪz
wipe,ˈwaɪp
wire,ˈwaɪɝ
wiretap,ˈwaɪɝˌtæp
wisecrack,ˈwaɪzˌkɹæk
wish,ˈwɪʃ
withdraw,wɪðˈdɹɔ
withhold,wɪθˈhoʊɫd
witness,ˈwɪtnəs
wobble,ˈwɑbəɫ
wolf,ˈwʊɫf
wonder,ˈwəndɝ
woo,ˈwu
work,ˈwɝk
worry,ˈwɝi
worsen,ˈwɝsən
worship,ˈwɝʃəp
worst,ˈwɝst
wow,ˈwaʊ
wrangle,ˈɹæŋɡəɫ
wrap,ˈɹæp
wreath,ˈɹiθ
wrench,ˈɹɛntʃ
wrest,ˈɹɛst
wrestle,ˈɹɛsəɫ
wring,ˈɹɪŋ
wrinkle,ˈɹɪŋkəɫ
write,ˈɹaɪt
writhe,ˈɹɪθ
wrong,ˈɹɔŋ
yacht,ˈjɑt
yack,ˈjæk
yank,ˈjæŋk
yarn,ˈjɑɹn
yaw,ˈjɔ
yawn,ˈjɔn
yearn,ˈjɝn
yell,ˈjɛɫ
yellow,ˈjɛɫoʊ
yelp,ˈjɛɫp
yield,ˈjiɫd
yodel,ˈjoʊdəɫ
yoke,ˈjoʊk
zap,ˈzæp
zero,ˈziɹoʊ
zest,ˈzɛst
zigzag,ˈzɪɡzæɡ
zinc,ˈzɪŋk
zone,ˈzoʊn
zoom,ˈzum
